,salary,to_messages,deferral_payments,total_payments,loan_advances,bonus,restricted_stock_deferred,deferred_income,total_stock_value,expenses,from_poi_to_this_person,exercised_stock_options,from_messages,other,from_this_person_to_poi,long_term_incentive,shared_receipt_with_poi,restricted_stock,director_fees,poi
0,351865.5,1825.0,18934.5,1150065.0,,1100000.0,,-189531.0,11322123.0,41722.0,149.0,30766064.0,44.5,137497.0,11.5,350000.0,1358.5,1600152.5,,True
1,229215.0,1505.3333333333333,,890140.75,,1116666.6666666667,,-1689755.5,4795099.0,62445.5,94.33333333333333,4743760.333333333,64.0,90023.5,17.333333333333332,687779.3333333334,1365.6666666666667,1237278.75,,True
2,275803.75,1035.3333333333333,214678.0,809183.5,,1016666.6666666666,,-1802193.0,9281182.5,65036.5,43.0,7530673.25,38.666666666666664,131261.75,19.333333333333332,844017.0,998.6666666666666,1750509.25,,True
3,274110.6666666667,975.0,,384677.3333333333,,1625000.0,,-3310698.5,13606120.666666666,44978.666666666664,37.0,11213576.0,25.0,111379.66666666667,12.5,1617011.0,949.5,2392544.6666666665,,True
4,271260.3333333333,2245.0,,1289451.6666666667,,1125000.0,,-248750.0,4837616.0,40146.333333333336,128.5,8308552.0,96.5,152110.33333333334,18.5,362652.0,1886.5,2068098.6666666667,,True
5,209224.0,5294.5,2144013.0,2538459.75,,2433333.0,,-1298467.0,3526630.5,56313.5,213.5,4630844.0,314.0,316659.0,66.5,488987.5,3854.5,1211208.5,,True
6,295685.6666666667,1998.6666666666667,,2568750.0,,1950000.0,,-1558922.0,3419127.0,62040.0,79.33333333333333,3914557.0,1042.6666666666667,4877.333333333333,215.0,1295428.3333333333,1575.0,809422.3333333334,,True
7,775978.0,3627.0,,5553399.5,,3450000.0,,-1386055.0,13944042.0,42628.5,88.0,19250000.0,108.0,149793.0,30.0,1828027.5,2042.0,4319042.0,,True
8,351865.5,1825.0,27610.0,1679551.0,,1100000.0,,-189531.0,1600152.5,23594.0,149.0,,44.5,204817.5,11.5,350000.0,1358.5,1600152.5,,True
9,240527.25,1743.0,27610.0,1190556.25,,1016666.6666666666,,-203281.0,3371893.25,58064.25,163.66666666666666,4346640.0,66.66666666666667,112621.0,14.0,223163.5,1398.0,1198573.25,,True
10,595998.0,2573.0,202911.0,35752053.333333336,81525000.0,2966666.6666666665,,-843027.5,17227678.666666668,93910.33333333333,87.5,17366556.0,26.0,3612500.3333333335,11.0,1802359.3333333333,1642.5,5649974.666666667,,True
11,302485.0,667.6666666666666,,1260406.3333333333,,850000.0,,-1754276.5,8604900.333333334,65270.666666666664,35.666666666666664,7267766.333333333,24.333333333333332,649490.3333333334,8.0,844017.0,609.6666666666666,1337134.0,,True
12,249201.0,1328.0,112468.5,595096.5,,700000.0,,-100000.0,16342475.5,55624.5,35.0,16200651.0,82.0,2403.0,48.0,,1258.0,283649.0,,True
13,308060.0,1821.5,,1450687.3333333333,,1350000.0,,-1588522.0,2770501.3333333335,41926.0,115.5,5538001.0,88.0,96433.33333333333,23.0,1242790.0,1611.5,924501.0,,True
14,277280.0,1759.0,,1515230.6666666667,,1183333.3333333333,,-1558922.0,2854391.6666666665,75654.33333333333,75.0,3104869.0,40.0,54476.333333333336,17.0,963768.0,1633.0,784479.0,,True
15,294273.5,2116.0,,2128505.0,,1025000.0,,-833.0,1086055.0,96462.0,96.5,671737.0,44.0,76039.5,15.0,637146.5,1932.0,750186.5,,True
16,252819.0,1505.3333333333333,,1066754.3333333333,,1116666.6666666667,,-1689755.5,2431879.3333333335,65278.333333333336,94.33333333333333,2961364.5,64.0,70714.66666666667,17.333333333333332,687779.3333333334,1365.6666666666667,457636.3333333333,,True
17,375322.0,2374.0,,2005752.0,,1000000.0,,-1386055.0,1857233.5,91469.0,53.0,671737.0,61.0,213961.0,15.0,1018027.5,2271.0,1521365.0,,True
18,297571.25,1103.6666666666667,121144.0,1754353.0,,850000.0,,-408571.0,1726289.25,32147.5,96.0,1629817.0,53.666666666666664,488619.5,24.333333333333332,1736055.0,827.0,911380.75,,True
19,347266.0,1554.0,,1062477.75,,1237500.0,,-2285465.6666666665,8338930.5,59670.0,46.25,8667971.0,40.0,161135.5,13.0,971005.5,1438.75,1837952.25,,True
20,321547.6666666667,5182.5,2144013.0,3171044.6666666665,,2416666.3333333335,,-1860244.5,1608390.6666666667,66764.33333333333,140.5,812436.5,272.5,212873.33333333334,61.5,1018027.5,3896.0,1066766.3333333333,,True
21,615362.0,4273.0,202911.0,51960046.5,81525000.0,7000000.0,,-300000.0,30497418.0,76889.5,123.0,21328468.0,36.0,5253839.5,16.0,3600000.0,2411.0,9168950.0,,True
22,1091789.5,3950.0,202911.0,56121254.5,81525000.0,6300000.0,,-300000.0,37601875.0,64584.0,105.5,26799192.0,72.0,5190925.5,23.0,2760000.0,2226.5,10802683.0,,True
23,329241.0,1468.5,,1078720.0,,1250000.0,,-1676005.5,4446564.0,32356.5,45.0,5538001.0,40.5,159622.5,16.5,983505.5,1310.0,1677563.5,,True
24,580719.3333333334,2168.6666666666665,142616.0,26313759.0,81525000.0,3150000.0,,-1301462.0,26084392.0,64507.75,66.66666666666667,21635965.25,45.333333333333336,2634843.5,22.666666666666668,2608505.5,1511.0,5931235.666666667,,True
25,677275.5,2336.0,,4485699.0,,3550000.0,,-3117011.0,16242368.5,31687.5,60.0,12394000.5,70.0,16736.0,25.5,1768505.5,1538.5,3848368.0,,True
26,554187.5,2641.0,115260.5,27335744.5,81525000.0,2625000.0,,-516279.25,13526198.75,50735.25,140.33333333333334,34348384.0,41.666666666666664,2761707.0,13.0,1895351.6666666667,1709.3333333333333,4939102.75,,True
27,478356.25,2859.3333333333335,,4115146.0,,3316666.6666666665,,-833.0,10461186.5,58841.0,98.0,9949888.333333334,1068.0,43338.5,218.0,1396424.6666666667,1910.6666666666667,2998770.25,,True
28,244487.0,4432.0,2144013.0,3386957.0,,2924999.5,,-2334434.0,944625.5,71666.5,140.0,668932.0,250.0,205503.0,57.0,71023.0,3197.5,275693.5,,True
29,808957.3333333334,2981.6666666666665,202911.0,37510397.0,81525000.0,4700000.0,,-1708505.5,27198271.666666668,54402.333333333336,81.0,19712128.333333332,58.666666666666664,3464400.3333333335,22.333333333333332,2379003.6666666665,1829.3333333333333,7486143.333333333,,True
30,257582.0,1735.5,,1455790.5,,925000.0,,-262500.0,452286.5,80898.0,125.5,384728.0,80.0,100397.0,15.5,223163.5,1531.0,259922.5,,True
31,477005.75,1774.75,,3386576.5,,1775000.0,,-4167.0,7821472.25,76303.75,51.5,5482715.25,56.0,486553.0,16.25,763674.3333333334,1319.5,2338757.0,,True
32,362567.5,2133.0,,1728089.5,,850000.0,,-235000.0,2211059.0,78845.5,55.5,671737.0,55.0,229176.5,13.5,325000.0,1928.0,1875190.5,,True
33,520570.3333333333,2733.0,208794.5,35432730.0,81525000.0,2983333.3333333335,,-220833.33333333334,17051664.0,56307.0,119.0,17991811.0,87.33333333333333,3454055.0,29.666666666666668,1987652.0,1952.3333333333333,5057123.333333333,,True
34,313354.0,1319.6666666666667,121144.0,1571452.75,,950000.0,,-543372.3333333334,1297521.75,57921.0,109.0,1009983.0,46.0,145365.5,21.666666666666668,903539.0,1088.0,792530.25,,True
35,1091789.5,3950.0,202911.0,56121254.5,81525000.0,6300000.0,,-300000.0,37601875.0,64584.0,105.5,26799192.0,72.0,5190925.5,23.0,2760000.0,2226.5,10802683.0,,True
36,191354.0,,10259.0,1034668.3333333334,,800000.0,,,14545284.666666666,83353.0,,19537308.0,,352769.3333333333,,602671.0,,2280619.0,,True
37,317300.75,1223.3333333333333,,1001598.0,,1116666.6666666667,,-1869693.0,9426976.5,64387.25,50.666666666666664,9495818.333333334,27.666666666666668,207748.0,7.333333333333333,679344.6666666666,1107.6666666666667,2305112.75,,True
38,314142.0,1168.0,10259.0,1046862.25,,883333.3333333334,,-1754276.5,14430568.5,68707.25,36.0,13214093.0,39.333333333333336,475369.25,11.0,958505.5,1075.3333333333333,1621967.3333333333,,True
39,634830.5,3627.0,,4521508.0,,5600000.0,,,18989215.0,41641.5,88.0,13779276.0,108.0,85036.0,30.0,1920000.0,2042.0,5209939.0,,True
40,675723.5,3112.5,,5161006.5,,3425000.0,,-262500.0,13109849.5,32577.0,143.5,19250000.0,126.0,11304.0,27.5,1147652.0,2115.0,3484849.5,,True
41,415189.0,1892.0,10259.0,979925.5,,1000000.0,,-235000.0,16634063.5,54326.0,58.0,30766064.0,49.0,155375.5,12.0,350000.0,1585.0,2502063.0,,True
42,299244.0,2066.0,27610.0,1538882.5,,950000.0,,-144062.0,1309148.5,71765.5,146.5,671737.0,50.5,126099.0,13.0,300000.0,1701.5,973280.0,,True
43,304228.0,2069.0,,2518330.5,,2250000.0,,-3117011.0,5002663.0,60106.5,49.0,3914557.0,1550.5,6505.5,315.0,1455996.0,1566.0,1088106.0,,True
44,655715.0,2759.5,,4325185.666666667,,2633333.3333333335,,-810527.5,10130049.0,38643.666666666664,73.0,19250000.0,78.5,202493.66666666666,21.0,1335351.6666666667,1813.5,3713382.3333333335,,True
45,334843.75,1682.25,,2298725.5,,1675000.0,,-1752609.5,6796850.25,81252.25,75.0,7490005.333333333,782.5,94607.25,158.5,989327.0,1357.0,1179346.25,,True
46,525863.5,2209.25,,4325834.5,,2450000.0,,-119583.5,8675903.0,42267.0,56.25,7721836.333333333,816.25,476250.5,166.25,1188327.0,1453.75,2884525.75,,True
47,553929.6666666666,3683.0,106585.0,27762869.25,81525000.0,3600000.0,,-300000.0,21118858.75,95529.5,94.5,22468520.333333332,1552.5,2817937.0,312.5,1832550.6666666667,2254.0,5689958.0,,True
48,525353.25,2329.0,202911.0,27275376.0,81525000.0,3312500.0,,-2307132.3333333335,20414485.75,66748.75,65.75,15492918.25,788.75,2636894.75,162.5,2032250.75,1601.75,4921567.5,,True
49,523991.5,2575.75,202911.0,27616303.0,81525000.0,3125000.0,,-1217337.0,15404366.75,62679.75,69.75,14059166.0,796.5,2670158.75,164.5,1715498.0,1782.0,4859992.25,,True
50,519145.5,2622.75,,3444548.0,,2137500.0,,-248750.0,7660454.25,55711.25,99.5,9960868.5,90.5,120240.25,20.5,736326.0,2021.5,2680020.0,,True
51,326852.5,2425.5,18934.5,2109805.3333333335,,2100000.0,,-144062.0,11692855.666666666,60222.0,153.0,16528588.5,1554.5,35419.0,310.0,1294981.0,1614.5,1010695.0,,True
52,308872.25,1563.75,,2227326.0,,1425000.0,,-1118726.0,3750251.25,43442.75,42.25,3151170.0,797.25,473557.5,164.0,1087330.6666666667,1202.0,1386873.75,,True
53,746478.5,2589.0,202911.0,52032421.5,81525000.0,4375000.0,,-1902193.0,35826308.5,73391.0,82.5,27071279.5,27.0,5267284.0,10.0,2608505.5,1637.5,8755029.0,,True
54,234174.5,2374.0,,973860.5,,700000.0,,,6902406.5,90482.0,53.0,4490144.5,61.0,149204.0,15.0,300000.0,2271.0,2412262.0,,True
55,303014.5,1417.0,,1524828.25,,1112500.0,,-1117614.6666666667,2480932.25,64149.5,70.5,2961364.5,31.0,130293.5,13.5,753081.75,1271.75,1000250.0,,True
56,634830.5,3627.0,,4521508.0,,5600000.0,,,18989215.0,41641.5,88.0,13779276.0,108.0,85036.0,30.0,1920000.0,2042.0,5209939.0,,True
57,533410.6666666666,4163.666666666667,2144013.0,5152210.0,,3816666.3333333335,,-2334434.0,9327641.0,57556.333333333336,122.66666666666667,6862621.333333333,202.66666666666666,144376.0,48.0,995511.5,2812.3333333333335,2465019.6666666665,,True
58,305910.0,3880.3333333333335,1085811.5,2953577.3333333335,,2483333.0,,-904498.6666666666,1437003.3333333333,21514.333333333332,175.33333333333334,953136.0,191.0,206777.66666666666,43.666666666666664,350000.0,2746.0,1119291.3333333333,,True
59,549667.0,2237.6666666666665,121144.0,3757386.6666666665,,2500000.0,,-122031.0,9570267.0,26373.666666666668,121.0,10442619.0,76.66666666666667,41937.333333333336,29.666666666666668,1920000.0,1477.3333333333333,2608521.0,,True
60,501369.5,4100.0,,2614277.5,,1900000.0,-1787380.0,-1284000.0,7455525.0,54481.0,125.0,6057436.5,732.5,154254.0,22.0,646173.0,2660.5,2291778.5,,False
61,,653.0,,362096.0,,,,-17500.0,,,0.0,,26.0,362096.0,0.0,,12.0,,17500.0,False
62,392919.3333333333,1659.6666666666667,,1990621.6666666667,400000.0,900000.0,,,3039185.0,25243.5,29.666666666666668,1972058.75,57.333333333333336,926181.0,8.0,345129.0,1183.6666666666667,1422835.0,,False
63,287514.5,2647.0,,891764.5,,575000.0,,-64375.0,5418640.333333333,40750.5,37.0,854963.5,38.0,598292.5,13.0,476451.0,2565.0,7272997.0,108121.0,False
64,290695.0,525.6666666666666,1295738.0,7397342.0,,1000000.0,15456290.0,-713652.5,3989789.3333333335,19530.5,3.3333333333333335,2563265.5,29.333333333333332,932887.0,1.6666666666666667,1586055.0,424.3333333333333,572102.0,137864.0,False
65,162779.0,169.0,343301.5,681123.3333333334,,100000.0,,-25000.0,1317466.6666666667,,0.0,1317466.6666666667,12.0,162.0,0.0,508167.0,23.0,,102492.0,False
66,248146.0,1684.0,1017848.0,1169910.0,,600000.0,,-25000.0,725004.5,58875.0,12.0,387281.0,82.0,2401.0,3.0,422158.0,1249.5,337723.5,108579.0,False
67,248017.0,1088.0,774401.0,730378.0,,500000.0,-94556.0,,691605.0,600.0,0.0,825464.0,125.0,181655.5,0.0,304805.0,23.0,326151.0,,False
68,258447.66666666666,3785.5,,2955320.25,,4150000.0,-307301.0,-105417.0,3100745.0,89881.66666666667,278.5,4158995.0,1300.0,155816.33333333334,209.0,1055190.0,2079.0,783265.3333333334,109298.0,False
69,1060932.0,2113.5,6426990.0,5899872.666666667,2000000.0,2000000.0,,-1696005.5,7736331.0,44200.0,126.0,5641997.5,23.5,3894858.5,3.0,1617011.0,1859.0,4188667.0,108579.0,False
70,199157.0,936.0,,1414857.0,,350000.0,,,853438.5,23870.0,1.0,337132.0,16.0,285414.0,8.0,556416.0,723.0,516306.5,,False
71,164078.0,460.0,684694.0,448173.6666666667,,300000.0,-472568.0,-300000.0,985733.6666666666,1413.0,10.0,1095445.5,19.0,76464.5,11.0,184375.0,379.0,619439.0,108579.0,False
72,275101.0,4607.0,,402754.6666666667,,400000.0,,-38346.0,976037.0,42868.0,41.0,850010.0,14368.0,4669.0,171.0,323466.0,583.0,126027.0,78819.0,False
73,279225.75,2741.0,,1441840.5,,859687.5,,,1374486.3333333333,55015.75,64.5,1129628.0,1786.75,20640.0,151.75,464863.0,1261.75,621401.0,,False
74,316847.0,1784.75,1117621.5,1407325.75,,733333.3333333334,-329825.0,-754742.0,1525966.3333333333,63082.666666666664,55.75,945678.0,513.25,68469.66666666667,22.0,452782.0,960.75,690230.0,,False
75,225292.5,383.0,,958155.5,,475000.0,,-382906.5,663690.5,53766.0,4.0,187500.0,59.0,421878.5,0.0,165125.0,233.0,569940.5,,False
76,198165.33333333334,536.5,55085.5,780922.0,,600000.0,,-121284.0,2701429.0,70222.0,19.0,4452476.0,35.0,369734.0,0.5,282812.5,387.5,475191.0,125034.0,False
77,259501.0,2647.0,,1408320.5,,725000.0,-153686.0,-75000.0,496248.0,9410.0,37.0,372205.0,38.0,130889.0,13.0,325725.5,2565.0,423408.3333333333,,False
78,278601.0,694.0,,8166025.0,,800000.0,7651302.0,-300000.0,726596.5,96268.0,94.0,1247538.3333333333,25.5,69377.5,6.0,,617.5,-711912.0,137864.0,False
79,94941.0,1029.5,,99850.0,,,,,4762446.5,22865.666666666668,8.5,5266578.0,30.0,176.0,4.0,135836.0,616.0,2129157.5,,False
80,313277.0,3329.0,,1686473.0,,925000.0,,-75000.0,1759449.0,45387.0,92.0,1623010.0,2742.0,75598.0,194.0,364711.0,2189.0,947944.0,,False
81,,2350.0,3131860.0,1672465.5,,,,,7256648.0,103773.0,44.0,5210569.0,1073.0,,15.0,,1074.0,2046079.0,109298.0,False
82,278601.0,865.0,,451851.0,,800000.0,,-200625.0,1080988.0,62105.0,188.0,765920.0,22.0,891.0,11.0,,772.0,315068.0,101250.0,False
83,249123.0,2143.75,1659664.5,2039611.6666666667,,600000.0,,,2875154.75,59906.0,93.25,2091559.75,327.0,1437.0,8.75,489287.0,1365.75,783595.0,,False
84,204662.5,505.3333333333333,2964506.0,6477424.666666667,,800000.0,15456290.0,-300000.0,1681878.0,50631.0,66.0,1884392.6666666667,22.666666666666668,69377.5,9.666666666666666,,451.3333333333333,-1144711.0,137864.0,False
85,298381.0,671.0,260455.0,1313238.0,,625000.0,-82782.0,-201641.0,2981005.5,90039.0,17.0,4346544.0,146.0,35.5,0.0,540751.0,215.0,849124.5,,False
86,174246.0,58.0,,704896.0,,,,-51042.0,540825.0,116335.0,0.0,,16.0,465357.0,1.0,,3.0,540825.0,,False
87,221003.0,176.0,,219616.5,,70000.0,-72419.0,,1945360.0,28164.0,10.0,1753766.0,14.0,774.0,3.0,,114.0,264013.0,119292.0,False
88,395134.3333333333,1772.5,,1290928.5,400000.0,583333.3333333334,,-25000.0,535109.6666666666,16533.0,22.0,232656.5,52.5,465205.0,6.5,390628.0,1646.5,570008.0,108579.0,False
89,212189.5,383.0,204075.0,498963.3333333333,,225000.0,-32460.0,-207647.66666666666,1861728.5,39684.333333333336,4.0,2549361.0,59.0,214973.0,0.0,177625.0,233.0,402185.3333333333,68565.0,False
90,299746.0,2468.6666666666665,2157527.0,2405902.6666666665,,1073333.3333333333,-329825.0,-934484.0,1437564.5,94437.33333333333,94.66666666666667,1025324.0,1545.3333333333333,18115.666666666668,49.0,768884.0,1230.3333333333333,577153.0,,False
91,182245.0,,,1405808.0,,200000.0,,,1008941.0,21530.0,,601438.0,,53775.0,,2234774.0,,407503.0,119292.0,False
92,262431.0,1282.0,,2158065.3333333335,,1258333.3333333333,,,922316.0,69285.66666666667,34.0,870150.0,46.0,119626.66666666667,26.5,448388.6666666667,1203.0,342216.0,,False
93,250100.0,2572.0,,705306.0,,600000.0,,-103750.0,1865087.0,1811.5,305.0,1550019.0,63.0,473.0,14.0,556416.0,1902.0,315068.0,103750.0,False
94,252806.33333333334,2739.6666666666665,419630.0,659986.5,,450000.0,,-583325.0,635595.5,36095.0,60.666666666666664,1668260.0,1461.6666666666667,1134.0,131.0,200000.0,1008.6666666666666,218530.5,,False
95,267093.0,2350.0,3131860.0,1880191.0,,325000.0,,,3732579.0,35018.0,44.0,5210569.0,1073.0,1411.0,15.0,,1074.0,1127294.5,,False
96,199157.0,936.0,,708504.0,,350000.0,,-38346.0,1621236.0,13010.5,1.0,664461.0,16.0,285414.0,8.0,556416.0,723.0,956775.0,38346.0,False
97,341949.0,3020.3333333333335,181993.0,3726266.5,400000.0,2287500.0,,,2049806.75,35658.333333333336,213.66666666666666,1750509.25,888.0,1094.0,138.0,1231673.3333333333,1763.0,598595.0,,False
98,255361.0,2181.0,93585.0,775387.0,,562500.0,-1787380.0,-1284000.0,4520211.5,43071.0,64.0,8831913.0,909.0,229908.66666666666,20.0,424812.5,1401.0,997945.0,,False
99,257486.0,1610.0,,772767.0,,700000.0,,,1458109.5,475.0,20.5,,28.5,111122.0,10.0,476451.0,1518.0,1458109.5,,False
100,253964.33333333334,715.5,,1494613.0,,1079583.3333333333,,-75000.0,429357.5,53793.666666666664,26.0,,22.5,76296.0,0.5,122111.5,470.5,429357.5,,False
101,248546.0,1564.0,,2014835.0,,850000.0,,-17500.0,954354.0,84208.0,12.5,765313.0,20.0,272.0,1.0,831809.0,1169.0,189041.0,17500.0,False
102,317567.0,2639.0,649584.0,3016021.0,,1700000.0,,-694862.0,2888434.5,95924.0,99.0,1741535.0,564.0,401026.5,54.0,572104.5,1968.5,1146899.5,,False
103,94941.0,894.0,,125533.0,,,,-113784.0,4499480.0,10056.5,54.0,3011939.5,13.0,176.0,1.0,135836.0,720.0,1487540.5,113784.0,False
104,199622.33333333334,813.0,,1371834.3333333333,,766666.6666666666,,-485813.0,1138512.25,60631.333333333336,21.0,1045465.0,31.75,238222.0,6.75,268629.6666666667,609.75,615779.75,,False
105,224669.0,,,1660423.0,,262500.0,,,608725.5,28274.0,,601438.0,,27593.0,,2234774.0,,308006.5,,False
106,272880.0,,,754135.6666666666,,750000.0,-72419.0,-63125.0,1078616.3333333333,27942.0,,867719.6666666666,,819288.0,,304805.0,,352554.5,106871.0,False
107,655037.0,898.0,,874393.0,400000.0,300000.0,,,57219.5,31653.0,7.0,19300.5,67.0,362096.0,0.0,,728.0,75838.0,,False
108,150928.0,496.0,,1104035.0,,,,,4156798.0,19992.5,28.0,1894784.0,19.0,1553729.0,5.0,312500.0,437.0,2262014.0,,False
109,333136.6666666667,5251.0,,1207181.0,,666666.6666666666,,,2445388.3333333335,64610.666666666664,63.0,1211263.0,2277.6666666666665,1100.3333333333333,130.0,212500.0,1578.6666666666667,1637879.6666666667,,False
110,,58.0,,1279.0,,,-32460.0,-106284.0,47304.0,1279.0,0.0,,16.0,,1.0,,3.0,39882.0,106284.0,False
111,218829.5,1744.0,,1011829.5,,900000.0,,-88021.0,991103.5,172549.0,52.0,506765.0,49.0,258472.0,0.0,,1469.0,737721.0,,False
112,,764.0,,,,,,,568451.5,,10.0,375284.0,12.0,,0.0,,58.0,386335.0,,False
113,192469.0,904.0,,1399079.5,,750000.0,,-51042.0,1337628.0,71060.0,106.0,1451869.0,12.0,233462.5,3.0,1105218.0,599.0,611693.5,,False
114,266697.0,2183.5,,1925448.0,,1200000.0,,,809325.0,118279.5,35.0,633971.6666666666,951.5,760.5,30.75,339711.0,705.75,333846.25,,False
115,225717.33333333334,6255.0,1524348.5,1733276.25,,1808333.3333333333,-126027.0,-3081055.0,783392.5,49186.75,78.66666666666667,653143.25,1161.3333333333333,8803.333333333334,44.666666666666664,320077.0,2162.0,215674.66666666666,,False
116,308346.0,1732.5,842924.0,1768528.3333333333,,1100000.0,,-378673.0,3532004.0,41757.5,52.0,2602161.6666666665,1379.0,743.5,97.0,1139983.5,1151.5,929842.3333333334,38346.0,False
117,424826.0,4482.333333333333,504610.0,5356617.666666667,,5500000.0,,,4488185.333333333,53687.5,238.0,3220076.6666666665,1051.0,151289.0,145.0,1101879.3333333333,2635.0,1902163.0,,False
118,85274.0,1572.5,,1049444.0,,,,,3083321.5,28093.0,31.5,2165172.0,540.0,1553729.0,21.5,312500.0,504.0,2000735.5,119292.0,False
119,76399.0,1102.5,51365.0,221881.5,,100000.0,-140264.0,-200000.0,2670142.5,28848.5,24.0,2457819.0,37.5,202052.0,3.0,156250.0,675.0,282455.5,,False
120,172520.5,2572.0,,830125.5,,600000.0,,,4586340.5,11154.5,305.0,3408298.5,63.0,324.5,14.0,346126.0,1902.0,1178042.0,,False
121,122994.5,57.0,181755.0,1212071.3333333333,,200000.0,,-10800.0,455736.5,36700.0,0.0,318225.0,13.0,227452.5,0.0,1245482.5,2.0,289423.6666666667,,False
122,,504.0,7961.0,7961.0,,,-72419.0,,1048389.0,,16.0,1753766.0,12.0,,0.0,,50.0,207715.5,,False
123,304588.0,1204.0,,3676340.0,,2500000.0,-32460.0,-58142.0,1209020.0,95924.0,21.0,475030.0,50.5,401481.0,18.5,374347.0,808.0,500146.6666666667,58142.0,False
124,310110.0,3187.0,260455.0,2762155.6666666665,,966666.6666666666,-82782.0,-201641.0,9003308.666666666,80594.5,28.0,8599862.5,92.0,1227237.3333333333,23.0,554422.0,2103.0,3297661.0,,False
125,300548.5,3785.5,,5451657.0,,4150000.0,-307301.0,-159792.0,5167144.0,49537.0,278.5,4158995.0,1300.0,1046.0,209.0,1055190.0,2079.0,657725.0,,False
126,329078.0,1184.0,77716.0,720424.5,,750000.0,,,2606763.0,63791.0,20.0,1637034.0,52.0,972.0,15.0,100000.0,856.0,969729.0,119292.0,False
127,263413.0,2047.0,3131860.0,2225311.5,,900000.0,,-125000.0,4102254.5,228763.0,48.0,2858667.0,561.0,51587.0,7.5,,1271.5,1243587.5,,False
128,296000.3333333333,2624.3333333333335,85430.0,2703687.75,,650000.0,,-81673.0,1331401.3333333333,80677.5,33.666666666666664,1142360.3333333333,4882.333333333333,958236.6666666666,57.0,2734450.0,843.0,283561.5,38346.0,False
129,197091.0,1238.0,1130036.0,1737629.0,,400000.0,-409554.0,-33333.0,489504.0,43057.0,61.0,489504.0,222.0,778.0,48.0,,742.0,409554.0,,False
130,201955.0,2902.0,1822059.0,1771313.3333333333,,4175000.0,-84347.66666666667,-1589919.5,763668.0,34482.5,47.0,961149.5,2195.0,152.0,65.0,304805.0,1407.0,207249.33333333334,98784.0,False
131,130724.0,807.0,2964506.0,1078168.0,,,,-25000.0,2282768.0,18565.0,11.5,2282768.0,29.0,,9.0,,440.0,,108579.0,False
132,245928.5,1184.0,129854.5,1160456.5,,425000.0,,,1984569.0,63791.0,20.0,1499704.5,52.0,567.0,15.0,327211.0,856.0,969729.0,,False
133,219021.5,,1295738.0,2923034.0,,775000.0,,-893392.0,8650996.5,44876.0,,5785444.0,,1336632.0,,1586055.0,,2865552.5,,False
134,263413.0,988.0,1848227.0,1583495.0,,900000.0,,-125000.0,663125.0,228763.0,26.0,336685.6666666667,38.5,51587.0,0.0,,745.5,326439.3333333333,,False
135,244628.75,1128.6666666666667,,1012451.75,,437500.0,,-75000.0,840512.75,25260.25,12.333333333333334,416667.3333333333,39.0,109708.75,9.666666666666666,285472.0,411.6666666666667,528012.25,,False
136,230972.5,936.0,,1891504.0,,675000.0,,,4969509.0,29841.0,1.0,4428108.0,16.0,330051.5,8.0,625639.0,723.0,541401.0,,False
137,233527.33333333334,1029.6666666666667,16586.0,925484.3333333334,,385000.0,,,2758358.0,37154.5,15.666666666666666,4452476.0,31.0,179508.33333333334,5.333333333333333,338225.5,917.3333333333334,532120.0,,False
138,357234.0,1033.3333333333333,16586.0,731217.0,,800000.0,-1787380.0,-650750.0,6824854.5,48634.5,21.333333333333332,6642194.5,325.3333333333333,217055.5,6.666666666666667,342000.0,495.3333333333333,1076350.0,17500.0,False
139,259066.0,1245.3333333333333,1063518.5,2693067.3333333335,,708333.3333333334,,-984690.0,3895739.25,7337.5,112.33333333333333,2637668.25,35.0,887400.3333333334,7.0,780823.6666666666,765.6666666666666,1258071.0,,False
140,,523.0,,7770020.0,,,7706098.5,-25000.0,431750.0,,0.0,1518120.0,29.0,137864.0,1.0,,463.0,-1280198.5,123307.0,False
141,249639.5,12754.0,,998654.5,,1000000.0,,,6730618.0,30393.5,140.0,3644313.0,6759.0,703.5,387.0,217918.0,3639.0,3086305.0,,False
142,,1461.5,3131860.0,1566167.5,,,,,4736973.5,475.0,24.0,5210569.0,546.0,,11.0,,772.5,2131689.0,,False
143,164026.5,136.0,447144.5,1199565.3333333333,,600000.0,-140264.0,-319115.3333333333,2819369.5,5280.0,12.0,2608496.0,16.0,101499.5,0.0,940897.5,114.0,281005.5,38346.0,False
144,302652.5,6019.0,,1643703.6666666667,,3000000.0,,-121284.0,6488205.333333333,38336.0,186.0,4558897.666666667,556.0,150601.0,24.0,472091.0,3920.0,1929307.6666666667,125034.0,False
145,1060932.0,1896.0,6426990.0,17252530.0,2000000.0,2000000.0,,-3367011.0,8253466.5,86987.0,121.0,5879048.0,28.5,7427621.0,3.0,1617011.0,1494.5,2374418.5,,False
146,261516.0,1023.0,564348.0,917965.0,,750000.0,,-75000.0,1026014.5,9410.0,32.0,992358.3333333334,120.0,150656.0,10.0,175000.0,545.5,281745.75,,False
147,,57.0,373051.5,373051.5,,,,,719237.0,,0.0,614832.5,13.0,,0.0,,2.0,208809.0,,False
148,265214.0,533.0,227449.0,1092663.0,,600000.0,-472568.0,,1967283.0,,0.0,3181250.0,29.0,,0.0,,300.0,612942.0,,False
149,204828.5,794.5,875307.0,1309720.0,,387500.0,-315068.0,-396370.5,1824550.5,38062.5,0.5,1346163.0,21.0,143259.5,4.0,486036.5,367.5,635921.5,17500.0,False
150,236189.5,,875307.0,2163983.0,,712500.0,-315068.0,-775241.0,12922897.5,42151.0,,8696016.0,,915281.0,,415657.0,,4384415.5,,False
151,190660.33333333334,2192.0,684694.0,1598571.0,,700000.0,-153686.0,,6596809.25,44813.5,11.0,4434122.75,45.0,610220.3333333334,2.0,109375.0,395.0,2934810.6666666665,,False
152,43716.5,1433.0,389139.5,1003397.0,,,,,832567.3333333334,,25.0,801048.6666666666,215.0,340853.5,2.0,229687.5,508.0,94556.0,,False
153,269076.0,15149.0,774401.0,915974.5,,650000.0,-124121.0,,575970.3333333334,137767.0,74.0,490021.0,1215.0,705.0,65.0,,4527.0,332037.0,,False
154,240601.66666666666,3387.0,260455.0,2130700.0,,1416666.6666666667,-82782.0,-201641.0,775386.0,53567.0,122.33333333333333,794462.6666666666,588.6666666666666,31854.0,65.66666666666667,1105218.0,1669.0,266979.3333333333,,False
155,229284.0,2192.0,,465743.0,,400000.0,,,597461.0,57580.0,11.0,400478.0,45.0,330.0,2.0,125000.0,395.0,196983.0,119292.0,False
156,261823.5,3541.0,,833115.75,,625000.0,,-37506.0,965195.5,99650.0,33.0,807661.5,7191.0,2470.5,86.5,577637.5,1454.5,157534.0,37506.0,False
157,256797.66666666666,1860.0,139407.0,1940842.0,,733333.3333333334,-140264.0,-200000.0,3698640.3333333335,8409.0,14.0,3059160.0,60.5,1027119.0,11.5,355336.0,1201.5,686235.0,,False
158,223764.0,3740.0,1528593.0,2269403.5,,1618750.0,-126027.0,-3081055.0,1048380.0,51484.0,59.5,1158782.6666666667,1678.5,107201.75,116.25,365561.3333333333,1964.75,210799.75,,False
159,230483.0,624.0,,946207.0,,325000.0,-307301.0,-159792.0,1621236.0,23870.0,15.0,664461.0,15.5,142977.0,7.5,315708.0,459.5,632038.0,,False
160,240245.0,3889.0,2869717.0,2089063.75,,2525000.0,-126027.0,-1256613.0,1148242.0,6973.666666666667,102.66666666666667,800611.0,1314.0,82044.0,90.0,289902.5,1818.3333333333333,389640.0,113784.0,False
161,94199.5,556.0,,767523.5,,250000.0,-516395.0,-245458.5,1802662.0,57738.0,26.0,2400561.5,40.666666666666664,645919.5,1.6666666666666667,180250.0,429.0,860578.75,,False
162,263373.5,2000.5,187469.0,1226135.5,,700000.0,,-300000.0,571418.0,106302.5,106.0,395374.3333333333,79.0,1646.0,8.5,422158.0,1624.5,264065.5,,False
163,237270.33333333334,312.0,875307.0,931409.0,,408333.3333333333,-311184.5,-467516.5,1269799.5,34384.5,29.0,2027865.0,15.0,119238.66666666667,7.0,245328.5,196.0,378034.3333333333,,False
164,259661.5,2054.25,,1253383.75,,537500.0,,-41250.0,1239498.25,34697.75,86.75,795510.25,3620.0,72762.5,49.25,478766.0,819.75,443988.0,,False
165,213625.0,1607.0,,1065671.5,,1000000.0,-44093.0,-25000.0,1137783.0,38559.0,23.0,948742.0,40.0,425688.0,8.0,369721.0,1336.0,211087.5,108750.0,False
166,133305.5,452.0,310948.3333333333,729671.3333333334,,325000.0,,-583325.0,782325.0,,19.0,903695.0,21.0,341129.0,3.5,282812.5,193.5,269792.5,,False
167,227133.5,1925.0,187469.0,1392580.0,,600000.0,,,326673.5,78981.5,69.5,149225.5,105.0,13977.0,5.0,378753.5,1514.5,177448.0,,False
168,349487.0,1067.5,85430.0,8407016.0,,,,,1951387.0,8211.0,23.5,1748387.5,127.5,2818454.0,9.0,5145434.0,530.0,405999.0,,False
169,174947.0,15149.0,684694.0,958842.0,,650000.0,,,1293321.0,137767.0,74.0,1103739.0,1215.0,789.5,65.0,93750.0,4527.0,379164.0,,False
170,245590.0,1105.3333333333333,,930998.0,,616666.6666666666,,-575000.0,921038.3333333334,76089.0,19.0,613748.0,33.666666666666664,107997.0,17.0,375585.0,1040.6666666666667,511873.0,109298.0,False
171,357091.0,622.0,,899627.5,,850000.0,,,2733979.0,25705.5,10.5,2178173.5,82.5,2.0,3.5,540751.0,343.0,1281863.3333333333,,False
172,294923.6666666667,3004.5,,2443922.5,,900000.0,-44093.0,-25000.0,1232550.25,21530.0,47.5,956248.6666666666,77.5,636348.0,18.5,1392198.3333333333,2387.5,526387.0,108750.0,False
173,492375.0,2181.0,,289461.5,,800000.0,-1787380.0,-692625.0,8831913.0,39533.0,64.0,8831913.0,909.0,7482.0,20.0,484000.0,1401.0,1787380.0,101250.0,False
174,261704.5,1072.0,364399.5,818552.6666666666,,612500.0,44093.0,-354162.5,986731.6666666666,228763.0,37.0,726103.3333333334,39.5,26506.0,3.5,200000.0,903.0,414631.5,3285.0,False
175,377218.3333333333,1980.3333333333333,875307.0,1522856.75,,908333.3333333334,-1051224.0,-1029620.5,4051514.75,34618.0,32.0,4231778.666666667,340.0,620257.6666666666,16.666666666666668,484693.0,1325.0,1403292.75,,False
176,184899.0,,,807956.0,,325000.0,,,207940.0,22344.0,,,,713.0,,275000.0,,207940.0,,False
177,248173.33333333334,2068.5,1794162.6666666667,1960520.5,,775000.0,-206303.5,-568062.5,835408.5,66350.5,95.0,1028092.0,979.0,26225.5,39.0,983346.0,983.0,334982.5,,False
178,248059.0,3221.0,73122.0,1313145.0,,1254935.0,,-52396.0,1195321.0,76402.33333333333,94.0,762567.5,2681.0,38869.0,83.0,554422.0,1730.0,432753.5,103750.0,False
179,187922.0,383.0,,618850.0,,250000.0,,-485813.0,372445.0,59175.0,4.0,9803.0,59.0,427316.0,0.0,180250.0,233.0,367543.5,,False
180,226423.5,865.0,,790328.0,,800000.0,,-175521.0,1057667.0,106301.5,188.0,765920.0,22.0,233124.0,11.0,,772.0,674707.0,,False
181,334446.0,1581.0,1295738.0,3598647.0,,1466666.6666666667,,-1386055.0,4290391.666666667,80869.0,48.0,3892299.0,38.5,986465.3333333334,13.5,1140458.5,1465.0,1695525.6666666667,,False
182,251171.33333333334,6291.666666666667,,1938346.3333333333,,800000.0,,,996146.3333333334,81776.0,82.33333333333333,1029853.0,430.0,1785.3333333333333,27.333333333333332,1246308.5,2599.3333333333335,309577.6666666667,,False
183,229284.0,2192.0,50591.0,431392.5,,400000.0,,,386919.5,57580.0,11.0,288428.0,45.0,330.0,2.0,125000.0,395.0,196983.0,,False
184,213625.0,1090.0,,1024034.0,,1000000.0,,,2030557.5,19517.0,13.5,1465734.0,29.5,425688.0,7.5,369721.0,903.5,1297690.5,,False
185,338937.3333333333,2926.75,1890722.0,2842002.25,,1033333.3333333334,,-694862.0,3632255.0,,66.25,3196313.3333333335,564.0,787960.0,30.5,600245.0,2018.75,1235020.0,,False
186,298760.0,4454.333333333333,440945.0,1099744.25,,725000.0,,-583325.0,2320650.0,45179.0,57.333333333333336,1125733.0,2277.6666666666665,21156.666666666668,140.33333333333334,291768.0,1384.6666666666667,1593222.6666666667,,False
187,477.0,566.0,,639146.5,,,-560222.0,-5104.0,5243487.0,56301.0,39.0,4046157.0,29.0,613309.5,0.0,,465.0,1757552.0,,False
188,238879.0,1383.6666666666667,3131860.0,1807492.3333333333,,575000.0,,-300000.0,3319624.0,60069.0,77.66666666666667,2213650.0,370.3333333333333,143152.5,11.333333333333334,556416.0,856.3333333333334,1105974.0,,False
189,477.0,566.0,-102500.0,410589.3333333333,,,-258064.5,-5104.0,1766037.3333333333,80037.0,39.0,1382720.0,29.0,864523.0,0.0,,465.0,1757552.0,56291.5,False
190,270995.0,1052.0,,1303368.0,,587500.0,-472568.0,,1763846.5,36640.0,21.0,2505459.5,180.5,357.5,1.0,407875.5,361.5,629258.75,,False
191,365038.0,3329.0,,2101364.0,,1100000.0,,,1593460.0,81364.0,92.0,816406.5,2742.0,540.0,194.0,554422.0,2189.0,777053.5,,False
192,294638.0,13951.5,875307.0,1336551.0,,691666.6666666666,-315068.0,-775241.0,3056169.3333333335,77325.0,107.0,1552583.3333333333,3987.0,1013.6666666666666,226.0,357828.5,4083.0,1608608.6666666667,,False
193,275101.0,4607.0,,543484.5,,400000.0,,-103750.0,976037.0,41866.5,41.0,850010.0,14368.0,4669.0,171.0,323466.0,583.0,126027.0,103750.0,False
194,305291.0,4009.0,1180801.0,1604148.6666666667,,675000.0,-329825.0,-479742.0,1094545.5,66948.0,180.0,917247.75,1941.0,27506.0,61.0,579173.0,1847.0,519508.0,102492.0,False
195,236390.0,1189.3333333333333,1239200.6666666667,1925468.0,,1750000.0,-126027.0,-1246460.0,2255345.75,23141.0,23.0,2616759.0,755.3333333333334,144715.5,24.0,219951.25,605.6666666666666,324283.25,,False
196,174246.0,,,394323.0,,,-98889.5,-38021.0,612767.0,116335.0,,401977.5,,465357.0,,,,410708.3333333333,108750.0,False
197,204601.75,1097.6666666666667,384125.0,3095991.5,,500000.0,-409554.0,-33333.0,2231881.3333333335,25634.0,23.0,2043948.6666666667,160.33333333333334,1166688.3333333333,16.0,2755529.5,506.3333333333333,486676.0,,False
198,630044.5,2105.5,6426990.0,9333693.5,2000000.0,1175000.0,,-3367011.0,8121710.5,55428.5,121.5,5548989.5,18.5,3856517.5,7.0,1086713.5,1851.0,2572721.0,,False
199,339288.0,7259.0,,3577301.6666666665,,8000000.0,,-30833.0,2769447.0,139096.5,528.0,2265372.5,2585.0,1552.0,411.0,2035380.0,3962.0,1008149.0,69579.0,False
200,251726.33333333334,632.5,831299.0,554030.25,,562500.0,,-302775.0,1500695.25,54080.0,105.0,1107581.5,26.0,1158.0,9.0,200000.0,554.5,524151.6666666667,102492.0,False
201,212959.0,1539.25,77716.0,716543.0,,750000.0,,-17500.0,3614583.3333333335,39240.0,64.75,4573036.5,340.0,972.0,25.5,100000.0,625.5,565892.3333333334,17500.0,False
202,248578.5,2647.0,260455.0,1186377.5,,550000.0,-82782.0,-201641.0,380967.0,129142.0,37.0,,38.0,55595.5,13.0,476451.0,2565.0,422358.0,,False
203,,2350.0,1655420.0,1657163.0,,,,,2533368.6666666665,3486.0,44.0,1826063.0,1073.0,,15.0,,1074.0,1060958.5,,False
204,251654.0,136.0,842924.0,1615006.0,,1100000.0,,-410125.0,1416848.0,27942.0,12.0,1056320.0,16.0,947.0,0.0,1725545.0,114.0,360528.0,101250.0,False
205,324613.0,4308.0,2157527.0,1688392.6666666667,,775000.0,-201122.0,-934484.0,1241497.0,79877.0,110.5,1070842.0,8154.5,28525.5,116.0,653406.0,1215.0,304736.3333333333,119292.0,False
206,272880.0,2649.0,,2146973.0,,750000.0,,,612137.0,,35.0,436515.0,1061.0,819288.0,38.0,304805.0,571.0,393879.5,,False
207,272207.0,451.6666666666667,,785360.25,,662916.6666666666,,-400729.0,4931677.0,45771.25,11.0,4618444.0,61.0,6481.5,2.3333333333333335,540751.0,242.33333333333334,1852714.3333333333,,False
208,279523.0,1786.5,2869717.0,3141611.0,,2512500.0,-126027.0,-3081055.0,2571393.0,32402.0,32.0,2028629.3333333333,1170.5,77.0,32.5,422778.0,811.0,584772.6666666666,,False
209,261548.0,3031.3333333333335,808662.5,2482537.3333333335,,2100000.0,-94556.0,-368250.0,777565.3333333334,5774.0,87.66666666666667,568681.0,590.0,47436.0,64.66666666666667,1725545.0,1265.0,429963.3333333333,17500.0,False
210,99311.5,764.0,83353.5,710745.0,,509870.0,,-13021.0,678396.0,25746.5,10.0,367543.5,12.0,378690.0,0.0,365625.0,58.0,310852.5,108579.0,False
211,261219.5,2533.5,53625.0,524541.3333333334,,350000.0,,-575000.0,1058136.0,58685.0,25.5,823863.0,7193.5,78362.0,91.0,299233.0,481.0,351409.5,,False
212,246423.0,3964.0,,747600.3333333334,,725000.0,,-56673.0,792038.0,16244.333333333334,91.5,1426469.0,2184.0,75611.0,202.0,175000.0,1611.0,316548.3333333333,38346.0,False
213,201624.0,346.5,,1506132.5,,135000.0,,,993110.0,24847.0,5.0,645273.0,25.0,27274.5,1.5,2234774.0,62.0,347837.0,,False
214,265214.0,533.0,227449.0,652867.0,,600000.0,,,3745048.0,103773.0,0.0,3181250.0,29.0,,0.0,,300.0,563798.0,109298.0,False
215,339288.0,4076.5,178980.0,5304111.5,,8000000.0,,,2372109.0,26511.5,291.0,1724704.3333333333,1299.0,1552.0,206.0,2035380.0,2341.0,971107.0,,False
216,246731.0,209.0,,947267.0,,800000.0,,-98142.0,656886.0,28907.5,10.0,636246.0,44.0,105735.0,27.0,275152.0,178.0,338763.0,125034.0,False
217,196833.75,1707.5,875307.0,715837.25,,662500.0,-315068.0,-450120.5,3339916.5,76899.75,128.0,2917016.25,135.0,26346.0,24.5,415657.0,1266.0,501667.25,,False
218,281351.0,102.0,1295738.0,2677732.3333333335,,900000.0,,-569101.6666666666,2968166.0,29139.333333333332,0.0,1748849.5,33.0,1025746.0,4.0,868027.5,71.0,1219316.5,,False
219,239884.0,8026.5,,1575405.5,,700000.0,,,1313955.5,81776.0,90.0,1029853.0,613.5,1136.5,34.0,1105218.0,2563.0,284102.5,,False
220,357091.0,671.0,,1798780.0,,850000.0,,,2998857.5,50936.0,17.0,2222631.0,146.0,2.0,0.0,540751.0,215.0,1552453.0,,False
221,281417.0,1113.6666666666667,,1067073.3333333333,,825000.0,,-33125.0,829390.6666666666,37827.333333333336,11.666666666666666,511571.3333333333,19.666666666666668,383.0,2.0,831809.0,818.3333333333334,317819.3333333333,108579.0,False
222,203119.0,8305.0,51365.0,1712399.3333333333,,1316666.6666666667,-140264.0,-137500.0,1728884.3333333333,7864.333333333333,251.0,2120857.0,1728.0,148877.66666666666,194.0,165625.0,3669.0,361734.3333333333,,False
223,229877.0,1238.0,1130036.0,1517545.0,,550000.0,-409554.0,-156666.5,774211.0,45707.0,61.0,533895.0,222.0,208609.5,48.0,150000.0,742.0,445093.0,,False
224,162779.0,,181993.0,999356.0,,100000.0,-153686.0,,867290.0,,,867290.0,,162.0,,554422.0,,153686.0,,False
225,184899.0,,,405853.0,,325000.0,,-121284.0,3142912.5,22344.0,,5127155.0,,713.0,,275000.0,,579335.0,125034.0,False
226,239671.0,517.0,260455.0,827696.0,,400000.0,-82782.0,-201641.0,973881.0,129142.0,0.0,1324578.0,36.0,69.0,0.0,,10.0,352983.0,,False
227,203153.66666666666,3877.5,,3333150.25,,4162500.0,,,3731688.0,33324.666666666664,278.0,3162083.5,1302.0,518664.6666666667,208.0,874293.3333333334,2199.5,1623632.3333333333,119292.0,False
228,,,,2950.5,,,,-79815.0,759557.0,2151.0,,759557.0,,,,,,,81690.0,False
229,174246.0,,,466776.0,,,,-43854.0,1034346.0,172495.5,,,,465357.0,,,,1034346.0,36666.0,False
230,168512.5,,181993.0,852126.0,,100000.0,,-51042.0,1198360.5,116335.0,,1362375.0,,232759.5,,554422.0,,1034346.0,,False
231,329078.0,1308.5,77716.0,1321557.0,,750000.0,,,1682847.0,63791.0,22.5,1150704.5,133.5,972.0,8.5,100000.0,682.0,532142.5,,False
232,269731.0,8007.0,,1068296.6666666667,,733333.3333333334,,-187500.0,828536.0,81148.33333333333,131.0,686878.5,618.5,50750.666666666664,38.0,175000.0,2649.5,370617.0,,False
233,215866.0,2647.0,564348.0,938101.0,,700000.0,,-51042.0,942768.6666666666,116335.0,37.0,886231.0,38.0,288239.5,13.0,476451.0,2565.0,647358.3333333334,,False
234,192008.0,,73122.0,464263.5,,509870.0,,-51146.0,318607.0,39011.0,,83237.0,,76547.0,,,,235370.0,101250.0,False
235,280719.0,258.0,,1349073.5,,500000.0,-32460.0,-98784.0,801673.0,10181.0,25.0,310789.0,56.0,410861.5,19.0,304805.0,117.0,338076.0,98784.0,False
236,492375.0,1833.5,,300134.5,,800000.0,-1787380.0,-1284000.0,8831913.0,50206.0,38.5,8831913.0,475.0,7482.0,10.5,484000.0,1081.0,1787380.0,,False
237,189031.0,294.0,2964506.0,1749808.5,,300000.0,-472568.0,-575000.0,1213442.6666666667,4994.0,10.0,1437009.0,18.0,152055.0,14.0,275000.0,249.0,619439.0,,False
238,205053.66666666666,1088.0,,1518305.6666666667,,341666.6666666667,,,743795.3333333334,14824.666666666666,0.0,713451.0,125.0,18567.666666666668,0.0,938193.0,23.0,268161.3333333333,,False
239,251082.5,,,1204774.0,,600000.0,,-280000.0,589933.0,32435.5,,187500.0,,386256.0,,150000.0,,496183.0,,False
240,214936.0,,181993.0,543052.3333333334,,212500.0,,-113784.0,785442.5,18148.5,,1362375.0,,786.5,,554422.0,,208510.0,113784.0,False
241,306527.5,1712.0,,1052426.6666666667,,800000.0,,-113784.0,1744726.0,27747.666666666668,42.333333333333336,1067813.3333333333,967.0,877.5,66.33333333333333,429613.5,933.6666666666666,676912.6666666666,113784.0,False
242,285693.3333333333,858.5,289837.6666666667,1336679.75,,783333.3333333334,,,3941158.25,49801.5,10.0,3474067.5,40.5,187830.5,7.5,397431.0,578.0,467090.75,,False
243,216458.0,1088.0,,931296.5,,412500.0,-153686.0,,531550.0,11472.0,0.0,598834.5,125.0,964.0,0.0,289902.5,23.0,183555.66666666666,,False
244,,653.0,,83750.0,,,-44093.0,-21250.0,431750.0,,0.0,431750.0,26.0,,0.0,,12.0,44093.0,63125.0,False
245,201955.0,1535.5,1687163.5,1888011.6666666667,,4175000.0,-126027.0,-3081055.0,1362315.3333333333,58820.5,23.5,1362315.3333333333,1103.5,152.0,32.5,383358.5,715.0,126027.0,109298.0,False
246,211788.0,1320.0,,2081796.0,,1700000.0,,,269907.0,98849.0,40.0,98718.0,27.0,1936.0,1.0,69223.0,900.0,441096.0,,False
247,268204.5,2822.0,,1980844.5,,850000.0,,-280000.0,514330.0,48357.0,67.0,187500.0,63.0,209762.0,14.0,768699.5,2672.0,420580.0,,False
248,306517.0,5040.5,,6544992.5,,4500000.0,,,2763836.0,49537.0,297.5,4158995.0,1324.0,2317.5,212.5,1711389.5,3317.0,684338.5,,False
249,210692.0,480.5,181755.0,1137509.0,,750000.0,,,992172.0,25785.0,53.0,897651.5,12.5,1568.0,1.5,1105218.0,300.5,189041.0,,False
250,279892.25,1740.3333333333333,,2443201.5,,1137500.0,,,1151725.0,70237.5,61.0,763150.3333333334,64.33333333333333,674740.75,9.333333333333334,315949.75,1185.0,579362.25,,False
251,,894.0,,362096.0,,,,,1691366.0,,54.0,757301.0,13.0,362096.0,1.0,,720.0,934065.0,,False
252,202738.5,928.0,102687.0,632832.6666666666,,425000.0,-140264.0,-200000.0,1826903.0,25228.666666666668,10.0,1528765.5,35.5,101512.0,7.5,128125.0,491.5,444271.3333333333,,False
253,222093.0,266.0,16586.0,456366.0,,,,-113784.0,4817796.0,23712.0,0.0,4452476.0,41.0,426629.0,0.0,200000.0,73.0,365320.0,113784.0,False
254,492375.0,2181.0,,550981.0,,800000.0,-929899.5,-1284000.0,5388636.5,51124.0,64.0,5292839.5,909.0,7482.0,20.0,484000.0,1401.0,1025696.5,,False
255,268043.5,1345.0,,4522545.0,,750000.0,15456290.0,-300000.0,889954.0,100020.5,75.0,1685205.0,29.666666666666668,83292.33333333333,8.333333333333334,476451.0,1266.6666666666667,-530167.3333333334,123581.0,False
256,243567.0,1923.3333333333333,178980.0,1428132.25,,1750000.0,,-125000.0,2689714.25,96011.5,104.66666666666667,2344418.75,106.0,174470.0,25.0,694862.0,1586.6666666666667,460394.0,,False
257,184899.0,57.0,181755.0,277570.5,,325000.0,,-113784.0,275687.0,11811.5,0.0,343434.0,13.0,713.0,0.0,275000.0,2.0,207940.0,116538.0,False
258,257486.0,2647.0,53625.0,816234.5,,700000.0,,,864624.5,33785.0,37.0,1030329.0,38.0,111122.0,13.0,476451.0,2565.0,698920.0,,False
259,236956.5,1744.0,875307.0,1261673.0,,662500.0,-315068.0,-450120.5,1487863.0,140509.0,52.0,1267315.0,49.0,26346.0,0.0,415657.0,1469.0,378082.0,,False
260,,2041.0,,43820.0,,,,-64375.0,506157.3333333333,148.0,30.0,538626.5,638.0,,20.0,,539.5,220609.5,108121.0,False
261,248017.0,1088.0,,388776.3333333333,,500000.0,-98889.5,-63125.0,606153.3333333334,14271.0,0.0,543139.6666666666,125.0,1215.0,0.0,304805.0,23.0,128940.0,105000.0,False
262,307350.5,1027.5,122168.0,3195696.3333333335,,600000.0,,,2281894.3333333335,20998.0,4.0,2093961.6666666667,129.5,2818454.0,0.0,5145434.0,388.5,563798.0,,False
263,221003.0,176.0,53625.0,203675.5,,70000.0,,,1030329.0,30974.5,10.0,1030329.0,14.0,774.0,3.0,,114.0,,,False
264,248146.0,3136.0,187469.0,883047.0,,600000.0,,,494136.0,116337.0,24.0,281073.0,136.0,95992.0,6.0,422158.0,2477.0,213063.0,,False
265,222093.0,385.0,12273.5,459707.0,,,,,2484607.0,46145.0,8.0,4452476.0,26.5,426629.0,0.0,200000.0,61.5,258369.0,,False
266,,719.0,,,,,-153686.0,,745299.5,,35.0,563585.5,34.0,,5.0,,589.0,258557.0,,False
267,236008.0,,875307.0,1238082.5,,587500.0,-315068.0,-425120.5,1222742.0,30832.5,,2027865.0,,75880.5,,295328.5,,366343.5,,False
268,192008.0,1433.0,73122.0,900585.0,,509870.0,-32460.0,-49913.0,538769.0,50080.0,25.0,373806.0,215.0,76547.0,2.0,,508.0,120795.33333333333,98784.0,False
269,216841.66666666666,1088.0,474214.5,1053268.3333333333,,478290.0,-315068.0,-388141.5,1120325.6666666667,34311.666666666664,0.0,978855.3333333334,125.0,26289.0,0.0,360231.0,23.0,246493.0,,False
270,181027.0,1102.0,227449.0,602096.0,,600000.0,-32460.0,-98784.0,3911363.3333333335,14689.0,102.0,3596335.6666666665,125.0,,24.5,,681.5,325847.6666666667,98784.0,False
271,220008.5,15149.0,,462855.0,,500000.0,,-400729.0,3832868.0,108159.5,74.0,2749090.5,1215.0,6833.0,65.0,,4527.0,1083777.5,119292.0,False
272,166339.5,1066.3333333333333,2112944.3333333335,2850396.0,,4175000.0,-126027.0,-3081055.0,2076861.3333333333,9431.0,19.0,2076861.3333333333,741.3333333333334,152.0,27.333333333333332,383358.5,516.3333333333334,126027.0,,False
273,,,178980.0,105204.0,,,,-101250.0,257817.0,15714.0,,257817.0,,,,,,,101250.0,False
274,216582.0,,,152983.0,,,,-25000.0,1432683.0,11892.0,,998073.0,,,,,,869220.0,102492.0,False
275,357091.0,587.5,7961.0,903370.5,,850000.0,,,3025207.5,50936.0,16.5,4346544.0,79.0,2.0,0.0,540751.0,132.5,851935.5,,False
276,207436.33333333334,111.0,181993.0,780514.0,,412916.6666666667,,-400729.0,4020555.0,65837.0,12.0,3126359.5,18.0,6561.5,0.0,554422.0,41.0,1788391.0,,False
277,313652.0,807.0,,1166704.5,,675000.0,,-75000.0,501340.5,51854.5,38.0,,29.0,76198.0,1.0,175000.0,702.0,501340.5,,False
278,357091.0,782.5,,698947.6666666666,,850000.0,,-25000.0,3795181.5,52040.666666666664,35.5,2551922.5,79.5,2.0,0.5,540751.0,467.5,1243259.0,108938.5,False
279,344206.5,2055.5,2157527.0,2480229.0,,975000.0,-329825.0,-487867.0,465815.0,52015.0,90.0,275006.3333333333,987.0,26438.0,32.5,983346.0,959.0,451125.5,,False
280,76399.0,,51365.0,239112.5,,100000.0,-92178.5,-112500.0,2326820.5,8409.0,,2296211.0,,202052.0,,156250.0,,122788.0,108750.0,False
281,119639.0,258.0,93585.0,819989.0,,250000.0,,-10800.0,555332.5,31025.5,25.0,185063.0,56.0,361466.0,19.0,310908.0,117.0,462801.0,,False
282,214766.0,807.0,,911981.0,,600000.0,,-10800.0,484996.0,73084.5,38.0,,29.0,201435.0,1.0,256191.0,702.0,484996.0,,False
283,229699.5,2252.5,2157527.0,2919330.5,,1150000.0,-329825.0,-934484.0,3311537.0,52131.0,104.0,1386961.0,980.0,803055.5,33.0,647923.0,1142.0,2089488.5,,False
284,252442.5,533.0,243952.0,960179.5,,500000.0,-82782.0,-201641.0,1904031.0,129142.0,0.0,3181250.0,29.0,69.0,0.0,,300.0,354797.0,,False
285,286641.0,2472.5,2157527.0,1783804.6666666667,,750000.0,-329825.0,-479742.0,932026.6666666666,50019.5,90.5,548320.3333333334,978.5,168898.0,34.5,769881.0,1285.0,740472.0,102492.0,False
286,96840.0,1671.0,,63056.333333333336,,,,-64375.0,4131037.0,7418.5,204.0,3940394.5,221.0,,49.0,,1063.0,381285.0,103121.0,False
287,269076.0,15149.0,,432853.6666666667,,650000.0,,-101250.0,987001.0,89827.33333333333,74.0,607837.0,1215.0,705.0,65.0,,4527.0,379164.0,105274.0,False
288,221867.0,529.0,,1244419.0,,1275000.0,,-25000.0,461517.6666666667,49555.666666666664,16.666666666666668,636246.0,29.0,31375.0,9.666666666666666,222263.5,360.3333333333333,249435.66666666666,108579.0,False
289,199237.66666666666,7810.0,,1563332.0,,1900000.0,,,2660254.6666666665,20593.333333333332,197.5,2673810.0,3035.5,31555.666666666668,290.0,135836.0,3154.0,877714.6666666666,,False
290,339042.0,7788.0,,1496414.0,,1000000.0,,-25000.0,2295306.6666666665,41953.0,103.5,1196899.0,3411.0,2157.0,200.5,843699.5,3155.5,2246061.0,102492.0,False
291,181027.0,1102.0,227449.0,602096.0,,600000.0,-472568.0,,3941630.0,14689.0,102.0,5345144.5,125.0,,24.5,,681.5,535723.0,,False
292,302427.6666666667,1164.5,79276.0,3456476.0,,554935.0,,-1042.0,991325.0,50863.333333333336,23.0,1076771.5,129.5,965580.3333333334,0.5,5145434.0,589.5,410216.0,,False
293,185735.33333333334,209.0,,1200062.0,,800000.0,,-42900.0,566234.0,36561.666666666664,10.0,636246.0,44.0,204200.0,27.0,268831.6666666667,178.0,354152.0,,False
294,76399.0,232.0,949796.0,1121351.0,,100000.0,-140264.0,-200000.0,1758827.3333333333,8409.0,0.0,1584293.0,28.0,202052.0,0.0,156250.0,22.0,331933.5,,False
295,238446.0,1320.0,204075.0,1195402.3333333333,,741666.6666666666,,,1237938.0,63864.666666666664,40.0,2549361.0,27.0,1992.3333333333333,1.0,122111.5,900.0,388151.0,,False
296,269480.0,1596.0,227449.0,1878445.5,,800000.0,,,1250909.25,,30.666666666666668,1328251.6666666667,102.33333333333333,3083.0,5.333333333333333,1387399.0,1160.0,339627.3333333333,,False
297,259996.0,400.0,831299.0,1034395.0,,325000.0,-153686.0,-583325.0,1214316.0,,22.0,1020232.5,30.0,1425.0,7.0,200000.0,337.0,270926.5,,False
298,231521.0,9336.0,649584.0,916079.0,,775000.0,,-404323.0,3913021.6666666665,52626.666666666664,115.0,2805742.6666666665,1134.0,133817.66666666666,68.0,452849.0,3430.0,1107279.0,113784.0,False
299,199618.0,,193034.0,937622.5,,150000.0,,,2213291.5,57727.0,,1955868.0,,1396.0,,364711.0,,514847.0,,False
300,221003.0,804.5,,319941.0,,70000.0,,,758931.0,28164.0,17.5,664375.0,114.5,774.0,2.5,,311.0,94556.0,,False
301,248017.0,796.0,7961.0,531299.0,,500000.0,,,421547.0,600.0,8.0,462091.0,68.5,1215.0,0.0,304805.0,36.5,170229.5,,False
302,94941.0,613.0,,249787.0,,,,,4570031.0,18834.0,39.0,3346523.5,25.0,176.0,18.0,135836.0,583.0,1223507.5,,False
303,284664.0,2515.0,1360937.5,2074072.5,,916666.6666666666,-329825.0,-934484.0,604468.25,58897.5,120.66666666666667,504119.6666666667,692.6666666666666,27006.0,26.333333333333332,902031.3333333334,1690.3333333333333,308834.75,,False
304,241044.5,333.0,423942.5,972924.0,,325000.0,,-583325.0,3437111.5,46145.0,11.0,3060368.0,35.5,214027.0,3.5,200000.0,205.0,376743.5,,False
305,266705.3333333333,1641.0,204075.0,837961.3333333334,,283333.3333333333,,,1203321.0,50497.666666666664,22.0,1194811.3333333333,4813.333333333333,3244.6666666666665,63.666666666666664,249233.0,234.33333333333334,307212.5,,False
306,290690.5,102.0,,864957.5,,562500.0,,-41250.0,352071.5,31439.5,0.0,117551.0,33.0,952.5,4.0,,71.0,293296.0,,False
307,,517.0,,,,,,,985194.5,,0.0,667190.5,36.0,,0.0,,10.0,318004.0,,False
308,219788.0,259.5,703636.0,1461756.0,,675000.0,,-602406.5,827566.75,59175.0,8.0,693893.6666666666,37.5,214131.5,0.0,952897.5,173.5,409528.6666666667,,False
309,156074.0,3909.5,346327.5,480228.75,,700000.0,-44093.0,-25000.0,577209.0,37172.0,80.0,1015695.5,2177.5,720.0,193.0,93750.0,1344.5,107179.33333333333,108750.0,False
310,244646.5,646.0,504610.0,1037154.0,,775000.0,,-300000.0,1646724.3333333333,75275.33333333333,98.0,1478688.0,15.333333333333334,1229.5,4.666666666666667,783565.0,464.6666666666667,252054.5,109298.0,False
311,210286.33333333334,4535.0,774401.0,1417399.0,,1600000.0,-94556.0,,2533681.25,50643.333333333336,93.0,3103417.5,2209.0,134074.33333333334,211.5,255091.5,2121.5,1005611.5,,False
312,275688.5,111.0,,1749306.0,,894375.0,,,4228456.0,44467.0,12.0,4165442.5,18.0,374689.0,0.0,694862.0,41.0,126027.0,,False
313,201009.33333333334,3329.0,,949262.75,,1100000.0,,-32836.0,1506851.6666666667,119556.25,92.0,1623010.0,2742.0,289009.0,194.0,405306.5,2189.0,965848.3333333334,36666.0,False
314,339288.0,7259.0,,10425757.0,,8000000.0,,,5167144.0,49537.0,528.0,4158995.0,2585.0,1552.0,411.0,2035380.0,3962.0,1008149.0,,False
315,113809.0,176.0,93585.0,733299.5,,70000.0,,,,28164.0,10.0,,14.0,340803.5,3.0,365625.0,114.0,,,False
316,304588.0,962.0,504610.0,1565986.3333333333,,2500000.0,,,1581144.0,75510.5,21.0,1117096.6666666667,43.5,401481.0,18.5,418129.5,813.5,1392142.0,,False
317,,952.0,,,,,,,474597.5,,10.0,474597.5,26.0,,0.0,,739.0,,,False
318,225097.0,788.0,,1602675.0,,625000.0,,,783335.5,21149.5,53.0,756988.3333333334,15.5,178819.5,1.5,1105218.0,363.0,287459.0,,False
319,200556.0,1596.6666666666667,2869717.0,2949649.5,,2262500.0,-126027.0,-3081055.0,1400418.0,18869.0,19.333333333333332,1081493.0,745.6666666666666,142783.0,24.333333333333332,430610.5,956.3333333333334,541401.0,,False
320,80818.0,719.0,684694.0,860136.0,,,,,1359017.5,,35.0,1177303.5,34.0,874.0,5.0,93750.0,589.0,363428.0,,False
321,,346.0,504610.0,8211406.0,,,15456290.0,,2218275.0,,0.0,2411382.5,20.5,137864.0,0.5,461912.0,243.0,-2604490.0,137864.0,False
322,287776.0,5763.0,,3254921.5,,2550000.0,,,1309589.0,92376.5,172.5,761470.0,2204.5,47558.0,138.5,554422.0,2699.5,548119.0,,False
323,295619.0,4627.333333333333,,1113015.0,,606666.6666666666,,-75000.0,2473912.6666666665,26509.0,53.333333333333336,1436262.5,2266.3333333333335,50887.0,130.0,237500.0,1497.3333333333333,2274606.5,,False
324,251711.33333333334,1917.5,415788.5,1277538.3333333333,,433333.3333333333,-307301.0,-427327.0,2403422.5,,92.5,1952594.0,534.0,133758.0,39.0,466428.0,1264.5,604479.0,,False
325,259794.0,5720.5,187469.0,2523826.0,,1850000.0,,,520639.5,61055.5,137.5,181057.5,932.0,48163.0,100.0,422158.0,3073.0,339582.0,,False
326,171352.66666666666,1744.0,51365.0,806044.6666666666,,500000.0,-140264.0,-125347.33333333333,2068032.6666666667,117835.66666666667,52.0,2333718.5,49.0,239665.33333333334,0.0,156250.0,1469.0,558975.0,,False
327,201383.66666666666,3043.6666666666665,,798624.6666666666,,425000.0,,-485813.0,438036.75,39563.666666666664,57.666666666666664,664375.0,1539.0,142865.0,129.33333333333334,227625.0,1126.6666666666667,271943.0,,False
328,261809.0,312.0,774401.0,625979.0,,300000.0,-200928.5,-159792.0,368705.0,,29.0,,15.0,540.0,7.0,75000.0,196.0,385281.0,,False
329,250100.0,1402.0,1848227.0,1629345.5,,600000.0,,,968867.0,3475.0,152.5,684437.0,45.5,473.0,7.0,556416.0,962.0,284430.0,,False
330,407237.0,4620.0,,3858138.0,,2500000.0,,,4075586.0,118408.5,140.0,2362429.0,1618.5,151108.5,53.5,681384.0,2825.0,1713157.0,,False
331,492375.0,1417.0,,550981.0,,800000.0,-1787380.0,-650750.0,8831913.0,51124.0,32.0,8831913.0,467.5,7482.0,10.0,484000.0,706.5,1787380.0,17500.0,False
332,317820.5,4009.0,2157527.0,1738546.3333333333,,950000.0,-329825.0,-344828.0,660090.0,28997.333333333332,180.0,684153.5,1941.0,101519.0,61.0,579173.0,1847.0,470894.0,108579.0,False
333,,504.0,7961.0,110516.0,,,,,151418.0,103773.0,16.0,,12.0,,0.0,,50.0,151418.0,109298.0,False
334,330546.0,3523.0,649584.0,2355702.0,,900000.0,,-694862.0,1765055.5,,156.0,1276308.0,1053.0,400572.0,71.0,769862.0,2333.0,488747.5,,False
335,300979.0,1767.0,1604788.0,2200130.0,,750000.0,,,3580340.6666666665,63791.0,32.0,2428039.3333333335,562.5,410130.0,15.0,202402.5,965.0,1152301.3333333333,,False
336,238232.25,1325.5,875307.0,1421583.0,,523750.0,-315068.0,-775241.0,1286610.0,54875.666666666664,17.5,1076564.3333333333,14.0,205359.75,2.5,517423.6666666667,1220.0,315068.3333333333,,False
337,221119.5,1183.75,,1925489.25,,1366666.6666666667,-560222.0,-5104.0,2501191.0,71270.75,35.5,2150716.0,43.25,423358.0,11.5,372034.0,1026.75,1028209.5,,False
338,154024.0,416.0,16586.0,979912.3333333334,,500000.0,-560222.0,-5104.0,3524339.0,39653.333333333336,19.5,4249316.5,35.0,549074.3333333334,0.0,200000.0,269.0,878202.0,,False
339,174947.0,7690.5,1266460.5,994745.5,,650000.0,,,1180838.3333333333,120770.0,37.0,900322.3333333334,621.5,789.5,32.5,93750.0,2274.5,420774.0,109298.0,False
340,228673.0,1876.0,7961.0,1262368.6666666667,,300000.0,,,1005286.0,52557.5,19.0,925342.0,4805.333333333333,29222.0,57.0,1279120.0,214.33333333333334,311279.5,,False
341,313542.0,3553.5,,2808178.3333333335,,1233333.3333333333,,,2700861.0,26656.0,93.0,1569954.0,340.5,118672.0,12.0,1115975.0,1971.5,1130907.0,,False
342,196756.0,92.5,1573130.5,1883376.6666666667,,1000000.0,,,3647994.6666666665,20403.0,5.0,3605985.6666666665,15.0,374689.0,8.5,694862.0,60.5,126027.0,,False
343,255715.0,1727.3333333333333,3131860.0,1835086.6666666667,,700000.0,-153686.0,-125000.0,2397804.75,114681.5,32.0,1728750.75,415.6666666666667,26401.0,5.0,304805.0,855.3333333333334,707475.5,,False
344,130724.0,390.5,2964506.0,3100224.0,,,,-17500.0,2282768.0,4994.0,5.0,2282768.0,21.5,,8.5,,65.5,,17500.0,False
345,266697.0,1972.3333333333333,7961.0,965651.75,,1200000.0,,-121284.0,940304.6666666666,118279.5,40.333333333333336,921188.0,912.6666666666666,760.5,28.333333333333332,339711.0,725.0,326179.3333333333,125034.0,False
346,267102.0,,596619.0,2868421.5,,1200000.0,44093.0,-1386055.0,5289582.5,11200.0,,3341914.5,,2660303.0,,1586055.0,,3942714.0,3285.0,False
347,477.0,520.6666666666666,1848227.0,961238.6666666666,,,-560222.0,-5104.0,2412515.0,56301.0,16.333333333333332,1730498.6666666667,23.0,864523.0,0.0,,181.66666666666666,868757.0,119292.0,False
348,122994.5,,116302.5,931083.75,,200000.0,,-10800.0,670504.25,27667.75,,629861.3333333334,,227452.5,,1245482.5,,396216.5,,False
349,270259.0,11727.0,,2264344.5,,1875000.0,,,767072.0,71770.5,162.5,344439.5,1471.5,47315.0,129.5,,4098.0,422632.5,,False
350,254758.0,3329.0,193034.0,1325536.3333333333,,466666.6666666667,,,2509287.3333333335,69545.5,92.0,1844915.3333333333,2742.0,1110.6666666666667,194.0,427948.0,2189.0,996558.0,,False
351,412326.0,2096.6666666666665,504610.0,2248496.3333333335,,1900000.0,,-41250.0,2931015.0,42849.5,62.0,1872928.6666666667,200.33333333333334,150760.0,9.333333333333334,635129.0,1338.0,1587129.5,,False
352,306075.0,1522.0,85430.0,3262742.3333333335,,700000.0,-44093.0,-152500.0,1056729.3333333333,28284.0,8.0,896518.6666666666,230.0,1617447.5,0.0,2647717.0,477.0,262362.5,108750.0,False
353,375017.5,6019.0,78977.5,1455210.25,,1700000.0,-19344.5,-201641.0,2032686.0,96917.66666666667,186.0,1643122.5,556.0,150547.5,24.0,808346.0,3920.0,1470986.5,56291.5,False
354,298434.0,3461.5,,1916329.0,,1875000.0,,-51042.0,2918131.0,66652.66666666667,146.0,2367414.5,284.0,239383.5,13.5,956782.0,2259.5,1339854.6666666667,,False
355,275673.0,258.0,,982422.3333333334,,625000.0,,-101250.0,4521758.5,24645.0,25.0,4188409.0,56.0,188562.0,19.0,694862.0,117.0,333349.5,101250.0,False
356,321246.25,1436.3333333333333,,1877176.5,400000.0,425000.0,,,903332.25,40315.25,11.0,515002.5,32.333333333333336,113153.66666666667,3.3333333333333335,1207666.3333333333,1259.0,517773.0,,False
357,329078.0,918.5,77716.0,1321557.0,,750000.0,,-17500.0,2606763.0,63791.0,10.0,1637034.0,39.0,972.0,7.5,100000.0,434.0,969729.0,17500.0,False
358,316811.0,7473.0,,1279858.0,,700000.0,,,3375551.5,49766.5,75.5,1211263.0,3402.0,780.5,194.5,212500.0,2017.0,2164288.5,,False
359,176183.5,496.0,774401.0,1127506.3333333333,,325000.0,-94556.0,,1620709.0,31555.5,28.0,1087487.5,19.0,777570.0,5.0,312500.0,437.0,1100604.25,,False
360,239502.0,58.0,,1112087.0,,500000.0,,,279519.0,16514.0,0.0,,16.0,356071.0,1.0,,3.0,279519.0,,False
361,268352.0,1697.0,187469.0,1063842.5,,425000.0,,,609935.5,63259.0,24.5,233068.0,96.0,2418.0,12.5,422158.0,1297.0,376867.5,,False
362,316096.0,2254.6666666666665,,978296.3333333334,,625000.0,,,3437517.0,61269.666666666664,23.666666666666668,2598277.0,4851.666666666667,2335.5,57.333333333333336,432108.5,519.6666666666666,839240.0,,False
363,191749.5,258.0,,338010.6666666667,,250000.0,,,4016664.5,44262.666666666664,25.0,2725820.5,56.0,1305.5,19.0,135836.0,117.0,1290844.0,109298.0,False
364,262663.0,,,829778.5,,700000.0,,-280000.0,668132.0,48357.0,,187500.0,,389268.5,,150000.0,,480632.0,,False
365,314225.5,807.0,,1179644.0,,650000.0,,-280000.0,450637.3333333333,71328.0,38.0,143109.0,29.0,209090.5,1.0,150000.0,702.0,532847.0,,False
366,317771.3333333333,1661.5,842924.0,3228143.6666666665,,1116666.6666666667,,-719000.0,1807813.6666666667,,20.0,1109464.3333333333,54.0,890807.0,11.5,861590.6666666666,1108.5,698349.3333333334,,False
367,236457.0,672.0,204075.0,439020.0,,200000.0,,-38346.0,1642674.5,29939.0,0.0,1304450.0,19.0,2630.0,0.0,175000.0,127.0,338224.5,38346.0,False
368,191944.0,1275.75,2047271.0,1964163.3333333333,,450000.0,-409554.0,-33333.0,1131056.5,16217.0,26.5,1329507.3333333333,356.25,996.5,25.75,304805.0,363.75,315086.0,,False
369,503396.3333333333,2261.0,6426990.0,5041335.75,2000000.0,983333.3333333334,,-1696005.5,4630346.5,38110.666666666664,182.66666666666666,3265219.0,33.333333333333336,2571169.3333333335,9.333333333333334,909947.6666666666,1868.0,1820170.0,112492.0,False
370,170941.0,764.0,,106502.0,,350000.0,,-257256.5,3858460.0,39915.5,10.0,2771097.0,12.0,12961.0,0.0,,58.0,1087363.0,113784.0,False
371,80818.0,1069.5,684694.0,332305.3333333333,,,,-21250.0,1006259.5,49288.0,6.5,1006259.5,33.5,874.0,0.5,93750.0,386.5,,64996.0,False
372,273746.0,2822.0,,1374610.0,,1000000.0,-153686.0,-25000.0,366366.5,1413.0,67.0,372205.0,63.0,3083.0,14.0,1387399.0,2672.0,257107.0,108579.0,False
373,386121.5,6019.0,,2601036.0,,2000000.0,,-38346.0,11991650.666666666,30678.666666666668,186.0,7924760.666666667,556.0,1065241.5,24.0,808346.0,3920.0,4066890.0,38346.0,False
374,257778.33333333334,1282.0,-102500.0,1495116.25,,1266666.6666666667,44093.0,-400729.0,2298412.5,88021.66666666667,34.0,1658482.25,46.0,123709.33333333333,26.5,535083.0,1203.0,869033.0,3285.0,False
375,192008.0,,73122.0,900585.0,,509870.0,-472568.0,-1042.0,254062.5,50080.0,,83237.0,,76547.0,,,,448728.0,,False
376,216582.0,,,228474.0,,,,,2493616.0,11892.0,,1624396.0,,,,,,869220.0,,False
377,230815.75,2862.0,2869717.0,2313521.75,,1550000.0,-126027.0,-1680527.5,741535.25,28189.666666666668,57.0,958520.5,1129.0,105097.25,39.5,529301.0,2039.5,293781.75,,False
378,237572.0,1693.0,181874.0,1022607.75,,508333.3333333333,,,1253757.0,51854.0,46.0,1109606.3333333333,1377.5,471.6666666666667,97.0,461281.3333333333,1095.5,843104.5,,False
379,633526.5,1994.5,6426990.0,9230589.5,2000000.0,1300000.0,,-3367011.0,7390698.0,64306.5,178.5,5225448.0,47.5,3726587.0,5.0,976180.0,1765.5,2165250.0,,False
380,301350.5,3078.3333333333335,1848227.0,4530915.666666667,,4450000.0,,-125000.0,2356959.3333333335,139150.0,193.33333333333334,1719749.6666666667,887.3333333333334,26569.5,137.0,2035380.0,1817.6666666666667,637209.6666666666,,False
381,257486.0,2647.0,,578640.3333333334,,700000.0,,-113784.0,698920.0,1279.0,37.0,,38.0,150352.5,13.0,476451.0,2565.0,698920.0,113784.0,False
382,,1486.0,50591.0,49939.5,,,,,176378.0,49288.0,13.0,176378.0,41.0,,1.0,,761.0,,,False
383,201955.0,1712.5,2869717.0,5021991.5,,4175000.0,7665131.5,-1591152.5,1729541.0,20905.0,23.5,2167015.5,1112.0,69008.0,33.0,304805.0,935.0,-1239231.5,119468.66666666667,False
384,130724.0,128.0,1869453.5,1937312.5,,,-94556.0,,1325736.5,4994.0,10.0,2282768.0,17.0,,17.0,,119.0,463261.0,,False
385,242123.0,1717.5,875307.0,1934405.5,,712500.0,-315068.0,-775241.0,1406953.6666666667,52255.0,53.0,1727167.0,44.0,2094.0,16.0,901528.0,1627.5,360531.6666666667,,False
386,222093.0,266.0,16586.0,499472.5,,,-32460.0,-61892.0,2615337.0,46145.0,0.0,2432677.0,41.0,426629.0,0.0,200000.0,73.0,198890.0,105638.0,False
387,378851.0,3042.6666666666665,,2538483.5,,1650000.0,,-575000.0,2531280.6666666665,57838.0,77.0,1937105.0,545.3333333333334,226540.5,24.333333333333332,541673.0,1623.3333333333333,1239877.3333333333,,False
388,170941.0,,,200654.0,,350000.0,,-400729.0,6678735.0,78552.0,,4890344.0,,101272.0,,,,1788391.0,,False
389,247338.0,1554.5,,399393.0,,300000.0,,-575000.0,2530863.3333333335,,22.5,2859202.5,540.0,152055.0,24.5,275000.0,475.0,624728.3333333334,,False
390,369824.0,2954.6666666666665,774401.0,2088056.3333333333,,1700000.0,-94556.0,-17500.0,2348434.3333333335,57709.0,65.66666666666667,1841719.0,209.0,150678.0,8.666666666666666,466673.0,1442.3333333333333,1152140.3333333333,17500.0,False
391,264045.5,111.0,,1121274.0,,644375.0,,,511734.0,34818.0,12.0,,18.0,356071.0,0.0,,41.0,511734.0,,False
392,172512.0,,181993.0,1845840.0,,150000.0,,,1185658.0,21530.0,,981906.5,,26968.5,,1394598.0,,407503.0,,False
393,477.0,683.0,,916197.0,,,-560222.0,-5104.0,2466688.6666666665,56301.0,28.0,1817657.6666666667,25.0,864523.0,1.6666666666666667,,370.6666666666667,835771.6666666666,,False
394,170941.0,520.0,,7834007.5,,350000.0,15456290.0,-400729.0,4281741.5,78552.0,0.0,2939804.0,32.5,75412.5,0.5,,236.5,-85309.66666666667,137864.0,False
395,515123.3333333333,2333.6666666666665,6426990.0,7336673.666666667,2000000.0,1250000.0,,-3367011.0,5541207.666666667,56386.0,138.33333333333334,5942693.5,32.0,2477424.0,7.666666666666667,1369876.0,2083.3333333333335,1579412.0,,False
396,159010.0,367.5,504610.0,1007537.25,,450000.0,-560222.0,-5104.0,7535295.0,80475.66666666667,19.5,2520493.6666666665,20.5,974993.0,0.0,461912.0,244.0,7802313.0,109298.0,False
397,262995.0,2628.5,2869717.0,2216946.0,,3387500.0,-126027.0,-3081055.0,1519692.5,54491.25,52.5,1162687.25,1121.5,148752.5,45.5,499833.5,1817.5,518016.0,,False
398,,232.0,950926.0,765911.0,,,,,993101.0,33785.0,0.0,761909.0,28.0,362096.0,0.0,,22.0,462384.0,,False
399,338463.0,3161.5,187469.0,1988998.6666666667,,1050000.0,-472568.0,,1001348.5,85717.0,26.0,769796.3333333334,114.0,927293.5,14.5,488290.0,2290.0,722857.6666666666,,False
400,275101.0,4607.0,,459128.0,,400000.0,,-25000.0,673893.5,93679.0,41.0,610880.0,14368.0,4669.0,171.0,323466.0,583.0,126027.0,105895.0,False
401,192465.25,1422.5,1130036.0,1324518.5,,575000.0,-409554.0,-42187.5,991598.0,55073.75,42.0,1173012.0,131.0,223134.0,28.0,322360.5,1039.0,507480.5,,False
402,265516.5,1566.3333333333333,1473716.5,2902999.5,,2462500.0,-126027.0,-3081055.0,2056257.3333333333,38829.5,35.333333333333336,1597681.3333333333,757.3333333333334,562.0,32.666666666666664,202402.5,948.6666666666666,500585.0,,False
403,247338.0,460.0,,163545.0,,300000.0,,-240428.0,790460.0,,10.0,502064.0,19.0,152055.0,11.0,275000.0,379.0,576792.0,118763.0,False
404,267344.5,492.0,,1312265.0,,525000.0,-307301.0,-159792.0,549376.0,,14.5,248027.0,17.0,409914.0,3.5,189902.5,161.5,303333.0,,False
405,327206.0,2425.5,85430.0,2784763.25,,712500.0,,-38346.0,1793365.0,31686.0,50.0,1846658.0,1486.0,940135.0,97.0,2849928.0,1333.0,843389.5,38346.0,False
406,216864.5,523.0,,6012055.333333333,,675000.0,15456290.0,-400729.0,7498258.5,57182.0,0.0,5228863.0,29.0,175171.33333333334,1.0,694862.0,463.0,-230024.0,137864.0,False
407,259390.0,3021.5,,1935267.0,,1700000.0,,-575000.0,570747.25,5774.0,74.0,243943.66666666666,706.75,122990.0,60.75,275000.0,1186.5,387789.5,,False
408,428780.0,1855.0,,6673444.666666667,,1500000.0,7651302.0,-36666.0,1750593.5,228656.0,14.0,1604084.3333333333,60.5,995025.0,12.0,554422.0,1283.0,-385793.3333333333,87265.0,False
409,80818.0,,684694.0,326902.3333333333,,,,-113784.0,3838763.0,1279.0,,3363398.0,,874.0,,93750.0,,950730.0,116538.0,False
410,250100.0,1547.5,,8433377.0,,600000.0,15456290.0,,1865087.0,3475.0,152.5,2077254.5,46.0,69168.5,7.5,556416.0,1182.5,-1144711.0,137864.0,False
411,269076.0,15149.0,774401.0,915974.5,,650000.0,-94556.0,,677853.0,137767.0,74.0,607837.0,1215.0,705.0,65.0,,4527.0,421212.5,,False
412,223651.5,2036.0,187469.0,1495684.0,,475000.0,,,1057686.0,70103.5,12.5,472767.0,76.0,143907.5,7.0,489287.0,1600.0,584919.0,,False
413,233683.5,1755.0,181993.0,2337848.0,,1300000.0,,,1847387.0,95924.0,42.0,1151316.0,75.0,200821.5,37.0,464384.5,1604.0,1392142.0,,False
414,279512.0,4009.0,2157527.0,2333510.5,,737500.0,-329825.0,-934484.0,505517.0,49256.5,180.0,608750.0,1941.0,26547.5,61.0,629173.0,1847.0,366054.5,,False
415,250586.0,1241.5,2964506.0,3599997.5,,2600000.0,,,1972811.5,71051.0,34.0,1693411.0,32.5,297353.0,21.5,694862.0,1173.5,558801.0,,False
416,330546.0,3523.0,649584.0,2355702.0,,900000.0,-72419.0,-694862.0,2694915.0,,156.0,2148289.5,1053.0,400572.0,71.0,769862.0,2333.0,582835.0,,False
417,339459.0,2502.3333333333335,831299.0,2255535.3333333335,,1275000.0,,-583325.0,3050023.0,29219.0,69.33333333333333,1925561.3333333333,237.0,101222.0,10.333333333333334,437717.0,1426.6666666666667,1124461.6666666667,,False
418,172635.0,794.0,831299.0,1021093.0,,325000.0,,-583325.0,3938203.5,38690.5,21.0,1916716.0,30.0,777577.0,4.333333333333333,256250.0,511.6666666666667,2021487.5,,False
419,,,53625.0,44780.5,,,-32460.0,-68565.0,1030329.0,17968.0,,1030329.0,,,,,,32460.0,68565.0,False
420,227287.0,871.5,842924.0,1416930.0,,1050000.0,,-719000.0,1918093.3333333333,25225.5,17.5,1382150.0,28.0,205406.0,4.0,1047633.0,725.0,535943.3333333334,,False
421,326442.0,5393.666666666667,,1881178.5,,925000.0,,,2652824.3333333335,63080.5,58.333333333333336,1212612.6666666667,2266.3333333333335,751.5,129.66666666666666,565904.5,2234.6666666666665,2160317.5,,False
422,172608.0,2475.0,93585.0,1486318.0,,775000.0,,-280000.0,811243.0,66282.5,25.0,476406.5,14.0,365848.6666666667,2.0,449144.6666666667,2326.0,334836.5,,False
423,311135.5,2621.3333333333335,1172498.0,2717788.0,,875000.0,-329825.0,-934484.0,805208.0,96253.0,79.66666666666667,548263.0,703.6666666666666,27391.5,24.0,702752.0,1637.6666666666667,366886.6666666667,,False
424,248281.5,1781.5,,1534736.0,,675000.0,,,984429.5,42404.0,12.5,795388.5,69.5,743.5,1.0,568307.0,1174.5,189041.0,,False
425,139177.0,2902.0,1460541.0,2439458.5,,2137500.0,-133145.5,-1640527.5,2975716.0,11138.5,47.0,2945106.5,2195.0,101102.0,65.0,230527.5,1407.0,163755.0,,False
426,164479.0,533.0,227449.0,927399.0,,600000.0,,-10800.0,2064989.0,51870.0,0.0,3181250.0,29.0,401130.0,0.0,256191.0,300.0,474364.0,,False
427,248030.25,632.5,452210.5,1020580.5,,596217.5,,-239841.75,968410.25,51919.333333333336,105.0,839139.0,26.0,57379.75,9.0,187500.0,554.5,339056.0,,False
428,162779.0,517.0,117809.0,543383.0,,100000.0,,,1425817.3333333333,33785.0,0.0,1239094.0,36.0,162.0,0.0,554422.0,10.0,560170.0,,False
429,261516.0,,,649762.0,,750000.0,,-88125.0,417619.0,18676.0,,,,150656.0,,175000.0,,417619.0,101250.0,False
430,303190.5,3936.0,,5527139.5,,4162500.0,,,2402707.3333333335,42277.5,283.5,2792732.0,1305.0,1481.5,214.5,2035380.0,2272.5,540886.0,,False
431,274894.0,7259.0,824854.0,4134913.6666666665,,4212500.0,-204812.0,-775241.0,2521238.0,50896.0,528.0,3093430.0,2585.0,1328.5,411.0,1225518.5,3962.0,595492.6666666666,,False
432,199464.33333333334,936.0,193034.0,1096700.6666666667,,216666.66666666666,,,1546737.25,40798.5,1.0,1178831.75,16.0,96068.66666666667,8.0,428612.6666666667,723.0,735811.0,,False
433,253058.0,2192.0,1295738.0,2260836.0,,866666.6666666666,,-711360.5,6512833.666666667,83312.0,11.0,5090925.666666667,45.0,1011774.0,2.0,801972.3333333334,395.0,1421908.0,36666.0,False
434,650301.5,1666.0,2289733.3333333335,4586432.75,2000000.0,1200000.0,-63437.5,-1197884.0,3865095.75,108064.5,121.0,3736234.0,17.0,3713845.0,3.0,1617011.0,1490.5,1459518.6666666667,108750.0,False
435,,,,53510.333333333336,,,-72419.0,-63125.0,836622.6666666666,41519.5,,772758.0,,,,,,264013.0,101871.0,False
436,477.0,566.0,,500594.5,,,-560222.0,-15052.0,5243487.0,28857.0,39.0,4046157.0,29.0,864523.0,0.0,,465.0,1757552.0,108579.0,False
437,349487.0,1522.0,85430.0,4217479.0,,,,-101250.0,2070306.0,18076.5,8.0,2070306.0,230.0,2818454.0,0.0,5145434.0,477.0,,101250.0,False
438,224865.5,347.5,-102500.0,399635.6666666667,,275000.0,-131604.0,-322802.5,307578.0,59175.0,16.5,3285.0,37.0,213928.0,3.5,127625.0,214.5,483275.0,3285.0,False
439,317543.0,764.0,,1934359.0,,450000.0,,,5440479.333333333,81353.0,10.0,696009.6666666666,12.0,1085463.0,0.0,,58.0,7116704.5,,False
440,638757.0,3275.0,3495669.0,6015117.333333333,2000000.0,2000000.0,,-3367011.0,6070280.333333333,49439.5,242.0,4314715.0,21.0,7427621.0,6.0,1617011.0,2979.0,1755565.3333333333,,False
441,317543.0,,,1148227.5,,450000.0,,,15144123.0,81353.0,,1297049.0,,723779.5,,,,13847074.0,,False
442,216522.5,2892.5,187469.0,1192233.5,,462500.0,,,349579.6666666667,69340.5,29.5,281073.0,598.5,1557.0,22.0,348579.0,1524.0,255888.66666666666,,False
443,263413.0,1178.5,178980.0,501659.6666666667,,900000.0,,-123142.0,1012715.3333333334,116124.5,45.5,730350.3333333334,37.0,51587.0,9.0,,1026.0,423547.5,125034.0,False
444,275021.5,4585.0,53625.0,1478103.6666666667,,1950000.0,,-300000.0,886153.3333333334,45275.666666666664,219.5,625763.6666666666,875.0,47408.0,102.5,,2220.5,390584.5,,False
445,222093.0,849.5,16586.0,911453.0,,,,,2788363.5,46145.0,12.5,2558425.5,128.0,426629.0,1.0,200000.0,290.5,229938.0,,False
446,252584.5,692.5,,1464824.5,,733333.3333333334,,-51042.0,1992541.25,69632.33333333333,66.0,1600145.6666666667,110.0,327550.0,2.0,393635.0,383.5,792432.0,,False
447,248266.5,410.5,,1896858.5,,500000.0,,-41250.0,874322.6666666666,24695.5,17.5,491318.3333333333,33.5,27134.5,4.5,2234774.0,330.0,383004.3333333333,,False
448,244008.66666666666,3187.0,,2069870.0,,1000000.0,,-10800.0,1041194.0,34192.0,28.0,987344.0,92.0,869795.6666666666,23.0,405306.5,2103.0,730029.3333333334,,False
449,217829.5,,181993.0,1573164.5,,425000.0,,,1119993.0,,,899445.0,,409725.0,,429613.5,,441096.0,,False
450,,,-25954.5,51747.333333333336,,,5816.5,-68565.0,66142.5,2151.0,,89831.5,,,,,,32460.0,46805.0,False
451,212568.66666666666,1391.6666666666667,77716.0,1171627.3333333333,,1225000.0,-72419.0,,3220885.75,59109.666666666664,88.0,3633279.6666666665,100.0,1454.0,21.666666666666668,84611.5,939.6666666666666,514030.75,,False
452,238240.0,320.5,,585012.0,,250000.0,-472568.0,-485813.0,583514.75,34678.0,14.5,472310.0,57.5,214875.5,9.5,180250.0,175.0,620669.0,,False
453,257305.0,3221.0,875307.0,1415678.3333333333,,1212500.0,-315068.0,-448262.5,1395180.3333333333,115617.0,94.0,1159855.3333333333,2681.0,1148.0,83.0,485039.5,1730.0,340347.6666666667,125034.0,False
454,216642.5,4189.0,3000788.5,2861790.0,,2437500.0,-79243.5,-1589919.5,3037405.3333333335,25520.0,78.33333333333333,3470055.0,2537.0,359.0,155.33333333333334,304805.0,1706.6666666666667,582648.25,98784.0,False
455,263309.0,976.5,50591.0,552411.0,,650000.0,,-168333.0,757290.3333333334,108508.0,94.0,589254.0,73.5,1053.0,5.5,304805.0,397.5,252054.5,36666.0,False
456,223587.0,847.0,53625.0,852301.3333333334,,425000.0,,,1387704.5,19418.333333333332,0.3333333333333333,961208.0,59.0,143314.5,2.6666666666666665,430610.5,252.0,568662.0,,False
457,224986.0,1349.0,1525736.0,1449581.5,,2337500.0,-126027.0,-1553027.5,864807.5,7234.0,15.666666666666666,817547.25,777.6666666666666,683.5,21.666666666666668,304805.0,477.3333333333333,157534.0,102492.0,False
458,239671.0,719.0,260455.0,827696.0,,400000.0,-82782.0,-201641.0,590704.0,129142.0,35.0,754966.0,34.0,69.0,5.0,,589.0,254612.0,,False
459,236457.0,,204075.0,875889.0,,200000.0,-472568.0,,1626863.0,57727.0,,2549361.0,,2630.0,,175000.0,,588466.5,,False
460,169617.33333333334,794.6666666666666,1130036.0,1184800.3333333333,,450000.0,-409554.0,-22066.5,581757.25,31842.333333333332,20.333333333333332,852877.0,121.0,134374.33333333334,16.333333333333332,280498.0,256.0,257707.25,,False
461,275101.0,2270.6666666666665,,568054.5,,400000.0,,,1047215.5,66436.5,29.666666666666668,802488.0,4814.333333333333,4669.0,59.0,323466.0,644.3333333333334,244727.5,,False
462,187922.0,606.3333333333334,,310500.5,,250000.0,,-262079.5,639525.0,30663.0,4.666666666666667,355694.5,30.0,427316.0,0.0,180250.0,139.33333333333334,402395.3333333333,38346.0,False
463,226016.0,671.0,,753879.3333333334,,850000.0,,,6428158.666666667,57847.666666666664,17.0,4913425.666666667,146.0,89.0,0.0,338293.5,215.0,1514733.0,109298.0,False
464,304975.0,1537.0,,2605929.0,,1550000.0,-32460.0,-98784.0,1097661.0,76811.0,46.5,929510.0,41.0,326712.0,15.5,694862.0,1408.5,366605.75,98784.0,False
465,294172.3333333333,1841.6666666666667,649584.0,1408546.3333333333,,683333.3333333334,,-409931.0,1706022.0,119472.0,77.66666666666667,1078213.6666666667,386.0,151531.33333333334,30.0,769862.0,1306.3333333333333,627808.3333333334,,False
466,124247.0,1046.6666666666667,,673374.0,,500000.0,-560222.0,-5104.0,3128996.0,35396.333333333336,17.333333333333332,2435810.5,65.0,432869.0,0.3333333333333333,304805.0,416.3333333333333,973296.5,,False
467,246912.5,209.0,,2344926.0,,925000.0,-153686.0,,8362096.0,40226.0,10.0,5457539.333333333,44.0,945135.5,27.0,375304.0,178.0,2955785.3333333335,,False
468,,719.0,,,,,,,3598139.5,,35.0,2941060.5,34.0,,5.0,,589.0,657079.0,,False
469,295478.5,1184.0,77716.0,2222470.0,,875000.0,,,13212346.5,47919.0,20.0,8500600.5,52.0,915214.5,15.0,100000.0,856.0,4711746.0,,False
470,367743.0,2842.0,,2143263.6666666665,,1850000.0,,-36666.0,2382067.0,149042.66666666666,75.0,1363532.0,1395.0,148946.5,110.0,624642.0,2208.5,1018535.0,36666.0,False
471,247374.5,1316.6666666666667,,1492084.5,,535000.0,,,605502.5,28164.0,29.0,850477.0,34.333333333333336,1928.5,5.666666666666667,1387399.0,1175.0,360528.0,,False
472,365788.0,807.0,,532788.5,,600000.0,,-121284.0,585062.0,94299.0,38.0,,29.0,1740.0,1.0,,702.0,585062.0,125034.0,False
473,229450.0,775.0,1130036.0,1107593.0,,350000.0,-358427.5,-96562.5,880290.0,43057.0,45.0,880290.0,118.5,659.0,27.5,75000.0,469.0,358427.5,,False
474,655037.0,755.5,,1386690.0,400000.0,300000.0,,,930633.0,31653.0,23.0,727633.5,46.0,,9.0,,655.5,405999.0,,False
475,278185.0,4009.0,2157527.0,3275694.5,,675000.0,-329825.0,-934484.0,906017.5,48849.5,180.0,605094.0,1941.0,53078.5,61.0,1609060.0,1847.0,465836.0,,False
476,376912.5,4836.0,966828.5,4000921.6666666665,,1000000.0,,,3059940.3333333335,25082.0,49.333333333333336,1528614.3333333333,2339.0,1409842.5,129.0,2722717.0,1379.3333333333333,2296989.0,,False
477,307419.0,12754.0,875307.0,1476052.5,,712500.0,-315068.0,-775241.0,4090753.5,47104.0,140.0,2024956.5,6759.0,1168.0,387.0,357828.5,3639.0,2223331.0,,False
478,347631.5,2495.3333333333335,,1828668.3333333333,,1662500.0,,,2548935.5,26885.666666666668,81.33333333333333,2020130.5,196.0,150869.5,10.666666666666666,541673.0,1703.6666666666667,1538870.25,,False
479,265869.5,15149.0,,1177504.5,,675000.0,,-280000.0,827566.5,93062.0,74.0,397668.5,1215.0,208573.0,65.0,150000.0,4527.0,429898.0,,False
480,234266.5,4771.5,1130036.0,2604385.0,,1750000.0,-409554.0,-33333.0,713716.5,24415.5,156.0,480666.0,975.0,47351.5,121.0,,2205.5,437827.5,,False
481,272880.0,,,1073560.5,,750000.0,,-103750.0,877611.0,148.0,,436515.0,,819288.0,,304805.0,,441096.0,103750.0,False
482,477.0,1458.0,3131860.0,2024028.5,,,-560222.0,-5104.0,6250067.5,56301.0,41.5,4628363.0,551.0,864523.0,7.5,,769.5,1901815.5,,False
483,222093.0,266.0,16586.0,455800.5,,,,-103750.0,4817796.0,23146.5,0.0,4452476.0,41.0,426629.0,0.0,200000.0,73.0,365320.0,103750.0,False
484,343084.5,927.5,77716.0,1560168.5,,800000.0,,,4252880.0,57363.5,18.5,2991789.0,99.0,487.0,7.5,320375.5,535.5,1261091.0,,False
485,238268.33333333334,1705.5,1295738.0,3021345.0,,800000.0,,-1386055.0,4399616.0,39759.333333333336,13.0,2703439.3333333335,15.0,981996.3333333334,5.0,991426.6666666666,1524.5,1696176.6666666667,,False
486,,764.0,,228656.0,,,,-36666.0,1038185.0,228656.0,10.0,651850.0,12.0,,0.0,,58.0,386335.0,36666.0,False
487,193761.5,504.0,7961.0,149386.66666666666,,350000.0,,-400729.0,3107923.0,45222.0,16.0,3257370.0,12.0,12961.0,0.0,,50.0,936343.0,,False
488,357091.0,642.0,,994181.5,,850000.0,-72419.0,,3225608.3333333335,50936.0,28.0,2508926.3333333335,85.5,94792.5,9.0,540751.0,399.0,740821.6666666666,,False
489,216582.0,,,152983.0,,,,-25000.0,1208307.6666666667,11892.0,,918567.6666666666,,,,,,869220.0,102492.0,False
490,317543.0,,,1009675.5,,450000.0,,-25000.0,15144123.0,41383.0,,1297049.0,,1085463.0,,,,13847074.0,108579.0,False
491,276128.0,2291.3333333333335,187469.0,2307606.5,,1300000.0,,,2632201.0,147658.0,39.333333333333336,2043676.0,951.0,1796.0,29.666666666666668,488290.0,1405.6666666666667,588525.0,,False
492,188453.5,,73122.0,854270.5,,417435.0,,-1042.0,263273.5,36212.0,,83237.0,,38630.0,,275000.0,,221655.0,,False
493,305113.25,1680.6666666666667,260455.0,1903077.0,,897187.5,-82782.0,-163320.5,1379952.3333333333,137009.0,30.666666666666668,1171161.5,53.0,634614.0,7.666666666666667,554422.0,1204.3333333333333,626772.0,,False
494,371155.0,3114.0,,3122021.5,,1925000.0,,,2578282.3333333335,53121.5,98.0,1559587.6666666667,300.0,180920.0,25.5,591825.0,2049.0,1528042.0,,False
495,379663.0,2441.0,649584.0,3345545.0,,1200000.0,,-694862.0,2801973.3333333335,,74.33333333333333,1934946.6666666667,390.0,1126379.0,37.333333333333336,662142.0,1673.0,867026.6666666666,,False
496,288558.0,258.0,,382122.5,,250000.0,,,725735.0,56977.0,25.0,185063.0,56.0,2435.0,19.0,,117.0,540672.0,109298.0,False
497,239502.0,,,1112087.0,,500000.0,-72419.0,,1228547.0,16514.0,,1753766.0,,356071.0,,,,387873.5,,False
498,271806.0,1695.0,504610.0,1369851.75,,1250000.0,,,1600681.3333333333,97746.5,47.0,1830086.5,1346.5,239786.0,41.5,508167.0,876.5,570935.5,,False
499,246314.0,1483.6666666666667,,1735609.3333333333,,1250000.0,,-262864.5,2702368.0,134413.0,34.666666666666664,1796960.75,50.0,155343.0,12.333333333333334,374347.0,1270.6666666666667,1207209.6666666667,,False
500,357091.0,671.0,178980.0,990623.0,,850000.0,,,3078407.0,27211.0,17.0,2302180.5,146.0,2.0,0.0,540751.0,215.0,1552453.0,,False
501,290474.0,2355.0,875307.0,2652177.0,,1512500.0,-234377.0,-775241.0,1354308.3333333333,94681.5,58.0,1168041.3333333333,48.0,149229.0,26.0,555259.5,2228.0,342518.3333333333,,False
502,222093.0,266.0,16586.0,636774.5,,,,,4817796.0,46145.0,0.0,4452476.0,41.0,394362.5,0.0,200000.0,73.0,365320.0,,False
503,195582.5,936.0,73122.0,1157721.0,,429935.0,,-1042.0,969921.5,36975.0,1.0,373849.0,16.0,180980.5,8.0,556416.0,723.0,596072.5,,False
504,477.0,646.0,,916197.0,,,-560222.0,-11302.0,3180940.5,56301.0,24.666666666666668,2400561.5,29.666666666666668,864523.0,1.6666666666666667,,355.3333333333333,1060490.0,17500.0,False
505,176727.33333333334,496.0,,1989793.6666666667,,450000.0,,-280000.0,2499017.6666666665,32660.0,28.0,984703.3333333334,19.0,674648.3333333334,5.0,899091.3333333334,437.0,1514314.3333333333,,False
506,316594.0,2202.5,77716.0,2180129.5,,1375000.0,,,2339399.0,121385.0,57.0,1539466.0,1366.5,1081.5,49.0,327211.0,1293.0,799933.0,,False
507,222454.0,,,1994892.5,,450000.0,,-280000.0,838536.5,34943.5,,394469.0,,235108.0,,1192387.0,,444067.5,,False
508,263908.5,1916.5,94977.0,778107.75,,600000.0,,-121284.0,1538357.3333333333,81364.0,54.0,1492692.5,1377.0,351.0,97.0,554422.0,1119.5,814843.5,125034.0,False
509,219414.0,936.0,260455.0,1121276.5,,375000.0,-82782.0,-201641.0,842125.0,76506.0,1.0,664461.0,16.0,142741.5,8.0,556416.0,723.0,551285.5,,False
